-- phpMyAdmin SQL Dump
-- version 4.6.6deb5
-- https://www.phpmyadmin.net/
--
-- Host: localhost:3306
-- Generation Time: Dec 14, 2019 at 12:19 AM
-- Server version: 10.3.20-MariaDB-1:10.3.20+maria~bionic-log
-- PHP Version: 7.2.24-0ubuntu0.18.04.1

SET SQL_MODE = "NO_AUTO_VALUE_ON_ZERO";
SET time_zone = "+00:00";


/*!40101 SET @OLD_CHARACTER_SET_CLIENT=@@CHARACTER_SET_CLIENT */;
/*!40101 SET @OLD_CHARACTER_SET_RESULTS=@@CHARACTER_SET_RESULTS */;
/*!40101 SET @OLD_COLLATION_CONNECTION=@@COLLATION_CONNECTION */;
/*!40101 SET NAMES utf8mb4 */;

--
-- Database: `bukutamu`
--

-- --------------------------------------------------------

--
-- Table structure for table `failed_jobs`
--

CREATE TABLE `failed_jobs` (
  `id` bigint(20) UNSIGNED NOT NULL,
  `connection` text COLLATE utf8mb4_unicode_ci NOT NULL,
  `queue` text COLLATE utf8mb4_unicode_ci NOT NULL,
  `payload` longtext COLLATE utf8mb4_unicode_ci NOT NULL,
  `exception` longtext COLLATE utf8mb4_unicode_ci NOT NULL,
  `failed_at` timestamp NOT NULL DEFAULT current_timestamp()
) ENGINE=InnoDB DEFAULT CHARSET=utf8mb4 COLLATE=utf8mb4_unicode_ci;

-- --------------------------------------------------------

--
-- Table structure for table `kunjungan`
--

CREATE TABLE `kunjungan` (
  `id` bigint(20) UNSIGNED NOT NULL,
  `tamu_id` bigint(20) UNSIGNED NOT NULL,
  `tanggal` date NOT NULL,
  `keperluan` text COLLATE utf8mb4_unicode_ci NOT NULL,
  `is_pst` tinyint(1) NOT NULL DEFAULT 0,
  `created_at` timestamp NULL DEFAULT NULL,
  `updated_at` timestamp NULL DEFAULT NULL
) ENGINE=InnoDB DEFAULT CHARSET=utf8mb4 COLLATE=utf8mb4_unicode_ci;

--
-- Dumping data for table `kunjungan`
--

INSERT INTO `kunjungan` (`id`, `tamu_id`, `tanggal`, `keperluan`, `is_pst`, `created_at`, `updated_at`) VALUES
(1, 1, '2019-01-02', 'Mataram dalam angka', 1, '2019-11-20 04:26:59', '2019-11-20 04:26:59'),
(2, 2, '2019-01-02', 'Lombok Barat Dalam Angka', 1, '2019-11-20 04:31:52', '2019-11-20 04:31:52'),
(3, 3, '2019-01-03', 'Data Kemiskinan Kecamatan Lombok Barat', 1, '2019-11-20 04:37:31', '2019-11-20 04:37:31'),
(4, 4, '2019-01-03', 'Lombok Timur Dalam Angka', 1, '2019-11-20 04:42:13', '2019-11-20 04:42:13'),
(5, 5, '2019-01-03', 'Lombok Timur Dalam Angka', 1, '2019-11-20 04:47:27', '2019-11-20 04:47:27'),
(6, 6, '2019-01-06', 'Lombok Timur Dalam Angka', 1, '2019-11-20 04:54:19', '2019-11-20 04:54:19'),
(7, 8, '2019-01-04', 'NTB Dalam Angka', 1, '2019-11-20 05:01:49', '2019-11-20 05:01:49'),
(8, 9, '2019-01-04', 'Luas Lahan Pertanian', 1, '2019-11-20 05:06:00', '2019-11-20 05:06:00'),
(9, 10, '2019-01-04', 'UMKM NTB,APBD ,PENERIMAAN', 1, '2019-11-20 06:29:03', '2019-11-20 06:29:03'),
(10, 11, '2019-01-07', 'Produksi Buah Buahan Di NTB', 1, '2019-11-20 07:17:06', '2019-11-20 07:17:06'),
(11, 12, '2019-01-07', 'Produksi Padi Di NTB', 1, '2019-11-20 07:21:19', '2019-11-20 07:21:19'),
(12, 13, '2019-01-07', 'PMA dan PMPN', 1, '2019-11-20 07:36:17', '2019-11-20 07:36:17'),
(13, 14, '2019-01-07', 'PMA dan PMDN', 1, '2019-11-20 07:54:58', '2019-11-20 07:54:58'),
(14, 15, '2019-01-07', 'Perkembangan Budidaya Lobster', 1, '2019-11-20 07:58:36', '2019-11-20 07:58:36'),
(15, 16, '2019-01-08', 'Data UMKM Mataram', 1, '2019-11-20 08:01:53', '2019-11-20 08:01:53'),
(16, 17, '2019-01-08', 'Data UMKM Mataram', 1, '2019-11-20 08:04:39', '2019-11-20 08:04:39'),
(17, 18, '2019-01-08', 'Produktifitas Jamaur Lobar', 1, '2019-11-20 08:07:27', '2019-11-20 08:07:27'),
(18, 19, '2019-01-08', 'KCA dan DDA KLU dan NTB', 1, '2019-11-21 23:37:45', '2019-11-21 23:37:45'),
(19, 20, '2019-01-09', 'Realisasi Export-Import', 1, '2019-11-21 23:42:00', '2019-11-21 23:42:00'),
(20, 21, '2019-01-09', 'Data Produksi Telur Ayam Ras', 1, '2019-11-21 23:45:27', '2019-11-21 23:45:27'),
(21, 22, '2019-01-09', 'Produksi Dan Produktifitas Telur Ayam', 1, '2019-11-21 23:48:45', '2019-11-21 23:48:45'),
(22, 23, '2019-01-09', 'Luas Lahan Produktifitas Cabai', 1, '2019-11-21 23:52:30', '2019-11-21 23:52:30'),
(23, 19, '2019-01-09', 'KCA dan DDA KLU', 1, '2019-11-21 23:54:05', '2019-11-21 23:54:05'),
(24, 24, '2019-01-09', 'Pertanian', 1, '2019-11-21 23:58:31', '2019-11-21 23:58:31'),
(25, 25, '2019-01-09', 'Jumlah Penduduk Produktif', 1, '2019-11-22 00:08:49', '2019-11-22 00:08:49'),
(26, 26, '2019-01-09', 'DDA NTB', 1, '2019-11-22 00:11:37', '2019-11-22 00:11:37'),
(27, 27, '2019-01-10', 'Angkatan Kerja', 1, '2019-11-22 00:13:40', '2019-11-22 00:13:40'),
(28, 28, '2019-01-10', 'Anka Kemiskinan', 1, '2019-11-22 00:16:44', '2019-11-22 00:16:44'),
(29, 29, '2019-01-09', 'Kabupaten Kota', 1, '2019-11-26 03:35:25', '2019-11-26 03:35:25'),
(30, 30, '2019-01-10', 'APBD dan IPM', 1, '2019-11-26 03:37:36', '2019-11-26 03:37:36'),
(31, 31, '2019-01-10', 'Data Pertanian', 1, '2019-11-26 03:40:38', '2019-11-26 03:40:38'),
(32, 32, '2019-01-11', 'Data Bulanan Produksi', 1, '2019-11-26 03:44:38', '2019-11-26 03:44:38'),
(33, 33, '2019-01-11', 'UMKM dan Kredit', 1, '2019-11-26 03:47:20', '2019-11-26 03:47:20'),
(34, 34, '2019-01-15', 'Pariwisata', 1, '2019-11-26 03:50:50', '2019-11-26 03:50:50'),
(35, 35, '2019-01-15', 'KSB', 1, '2019-11-26 03:54:43', '2019-11-26 03:54:43'),
(36, 36, '2019-01-15', 'Data Perdangangan', 1, '2019-11-26 04:00:40', '2019-11-26 04:00:40'),
(37, 37, '2019-01-15', 'Data Perdangangan', 1, '2019-11-26 04:06:41', '2019-11-26 04:06:41'),
(38, 38, '2019-01-15', 'DDA NTB', 1, '2019-11-26 04:09:30', '2019-11-26 04:09:30'),
(39, 39, '2019-01-15', 'Migrasi', 1, '2019-11-26 05:22:47', '2019-11-26 05:22:47'),
(40, 40, '2019-01-15', 'Migrasi', 1, '2019-11-26 05:26:54', '2019-11-26 05:26:54'),
(41, 41, '2019-01-16', 'Data Produksi Tembakau Virginia Tahun 2018', 1, '2019-11-26 23:31:29', '2019-11-26 23:31:29'),
(42, 42, '2019-01-18', 'PDRB', 1, '2019-11-26 23:36:55', '2019-11-26 23:36:55'),
(43, 43, '2019-01-18', 'NTB Dalam Angka', 1, '2019-11-26 23:39:39', '2019-11-26 23:39:39'),
(44, 44, '2019-01-21', 'DDA Lotim 2018', 1, '2019-11-26 23:42:48', '2019-11-26 23:42:48'),
(45, 45, '2019-01-21', 'Data Kependudukan', 1, '2019-11-26 23:45:53', '2019-11-26 23:45:53'),
(46, 46, '2019-01-21', 'Data Kependudukan', 1, '2019-11-26 23:49:32', '2019-11-26 23:49:32'),
(47, 47, '2019-01-22', 'Perkembangan Harga NTB, Kabupaten', 1, '2019-11-26 23:52:33', '2019-11-26 23:52:33'),
(48, 48, '2019-01-22', 'Jenis Pekerjaan', 1, '2019-11-26 23:54:58', '2019-11-26 23:54:58'),
(49, 49, '2019-01-22', 'DDA', 1, '2019-11-26 23:58:13', '2019-11-26 23:58:13'),
(50, 50, '2019-01-22', 'Data Kependudukan', 1, '2019-11-27 00:01:09', '2019-11-27 00:01:09'),
(51, 51, '2019-01-22', 'DDA', 1, '2019-11-27 06:24:20', '2019-11-27 06:24:20'),
(52, 52, '2019-01-23', 'DDA', 1, '2019-11-27 06:28:39', '2019-11-27 06:28:39'),
(53, 53, '2019-01-23', 'Lobar Dalam Angka', 1, '2019-11-27 23:19:04', '2019-11-27 23:19:04'),
(54, 54, '2019-01-23', 'Kemiskinan', 1, '2019-11-27 23:23:46', '2019-11-27 23:23:46'),
(55, 55, '2019-01-24', 'DDA', 1, '2019-11-27 23:28:35', '2019-11-27 23:28:35'),
(56, 56, '2019-01-29', 'DDA Provinsi NTB', 1, '2019-11-27 23:31:05', '2019-11-27 23:31:05'),
(57, 57, '2019-01-29', 'Kemiskinan', 1, '2019-11-27 23:35:11', '2019-11-27 23:35:11'),
(58, 58, '2019-01-30', 'Profil Kota Mataram', 1, '2019-11-27 23:37:40', '2019-11-27 23:37:40'),
(59, 59, '2019-01-30', 'Profil Kota Mataram', 1, '2019-11-27 23:41:11', '2019-11-27 23:41:11'),
(60, 53, '2019-01-30', 'ADBD NTB', 1, '2019-11-27 23:42:45', '2019-11-27 23:42:45'),
(61, 4, '2019-01-30', 'DDA', 1, '2019-11-27 23:45:55', '2019-11-27 23:45:55'),
(62, 60, '2019-01-30', 'Pertanian NTB', 1, '2019-11-27 23:48:38', '2019-11-27 23:48:38'),
(63, 61, '2019-01-31', 'Data Harga Jagung', 1, '2019-11-27 23:53:01', '2019-11-27 23:53:01'),
(64, 62, '2019-01-31', 'Data Harga Jagung', 1, '2019-11-27 23:56:02', '2019-11-27 23:56:02'),
(65, 63, '2019-01-31', 'Data Jamur', 1, '2019-11-27 23:58:29', '2019-11-27 23:58:29'),
(66, 64, '2019-02-01', 'PDRB dan Potensi Pertanian', 1, '2019-11-28 23:34:42', '2019-11-28 23:34:42'),
(67, 65, '2019-02-01', 'Penganguran', 1, '2019-11-28 23:38:56', '2019-11-28 23:38:56'),
(68, 66, '2019-02-01', 'Produksi telur', 1, '2019-11-28 23:41:46', '2019-11-28 23:41:46'),
(69, 67, '2019-02-01', 'Produksi Telur', 1, '2019-11-28 23:44:23', '2019-11-28 23:44:23'),
(70, 68, '2019-02-01', 'Geografis Ampenan', 1, '2019-11-28 23:47:24', '2019-11-28 23:47:24'),
(71, 69, '2019-02-01', 'Kecamatan Dalam Angka', 1, '2019-11-28 23:50:32', '2019-11-28 23:50:32'),
(72, 70, '2019-02-04', 'Data Penduduk Kota Mataram', 1, '2019-11-28 23:55:32', '2019-11-28 23:55:32'),
(73, 71, '2019-02-07', 'Data Penduduk Kota Mataram', 1, '2019-11-28 23:57:56', '2019-11-28 23:57:56'),
(74, 72, '2019-02-07', 'PDRB, IPM, INFIASI, KEM', 1, '2019-11-29 00:00:18', '2019-11-29 00:00:18'),
(75, 73, '2019-02-07', 'Kemiskinan', 1, '2019-11-29 00:02:32', '2019-11-29 00:02:32'),
(76, 74, '2019-02-08', 'Data Kotam Mataram Dalam Angka', 1, '2019-11-29 00:06:04', '2019-11-29 00:06:04'),
(77, 75, '2019-02-11', 'Data Statistik Lotim', 1, '2019-11-29 00:10:02', '2019-11-29 00:10:02'),
(78, 76, '2019-02-11', 'Data Statistik NTB', 1, '2019-11-29 00:13:27', '2019-11-29 00:13:27'),
(79, 77, '2019-02-11', 'Data Statistik NTB', 1, '2019-11-29 00:31:20', '2019-11-29 00:31:20'),
(80, 78, '2019-02-12', 'Data Produksi Nanas', 1, '2019-11-29 00:34:02', '2019-11-29 00:34:02'),
(81, 79, '2019-02-12', 'Data Produksi Kelapa', 1, '2019-11-29 00:36:41', '2019-11-29 00:36:41'),
(82, 80, '2019-02-12', 'DDA', 1, '2019-11-29 00:39:16', '2019-11-29 00:39:16'),
(83, 81, '2019-02-12', 'DDA', 1, '2019-11-29 00:41:46', '2019-11-29 00:41:46'),
(84, 82, '2019-02-12', 'DDA', 1, '2019-11-29 00:44:13', '2019-11-29 00:44:13'),
(85, 83, '2019-02-13', 'Peta Kabupaten Bima', 1, '2019-11-29 00:46:39', '2019-11-29 00:46:39'),
(86, 42, '2019-02-13', 'Data Tamu', 1, '2019-11-29 06:25:53', '2019-11-29 06:25:53'),
(87, 84, '2019-02-13', 'Data TKI/TKW', 1, '2019-11-29 06:29:19', '2019-11-29 06:29:19'),
(88, 73, '2019-02-13', 'Kemiskinan', 1, '2019-11-29 06:30:19', '2019-11-29 06:30:19'),
(89, 85, '2019-02-14', 'Produksi Tomat', 1, '2019-11-29 06:33:01', '2019-11-29 06:33:01'),
(90, 86, '2019-02-14', 'Produksi Tomat', 1, '2019-11-29 06:35:35', '2019-11-29 06:35:35'),
(91, 87, '2019-02-15', 'DDA', 1, '2019-11-29 06:39:02', '2019-11-29 06:39:02'),
(92, 88, '2019-02-15', 'DDA', 1, '2019-11-29 06:41:19', '2019-11-29 06:41:19'),
(93, 89, '2019-02-15', 'DDA', 1, '2019-11-29 06:44:06', '2019-11-29 06:44:06'),
(94, 90, '2019-02-18', 'Data Jagung', 1, '2019-11-29 06:47:02', '2019-11-29 06:47:02'),
(95, 91, '2019-02-18', 'PDRB', 1, '2019-11-29 06:50:07', '2019-11-29 06:50:07'),
(96, 92, '2019-02-18', 'Kependudukan dan PDRB', 1, '2019-11-29 06:52:51', '2019-11-29 06:52:51'),
(97, 93, '2019-02-18', 'Pariwisata', 1, '2019-11-29 06:55:20', '2019-11-29 06:55:20'),
(98, 90, '2019-02-19', 'Data Jagung', 1, '2019-11-29 06:56:51', '2019-11-29 06:56:51'),
(99, 94, '2019-02-19', 'DDA', 1, '2019-11-29 06:59:50', '2019-11-29 06:59:50'),
(100, 95, '2019-02-20', 'Tingkat Kemiskinan', 1, '2019-11-29 07:02:06', '2019-11-29 07:02:06'),
(101, 96, '2019-02-20', 'Infaksi Tahunan Kota Bima', 1, '2019-11-29 07:04:54', '2019-11-29 07:04:54'),
(102, 25, '2019-02-20', 'Inflasi Kota Bima dan Kota Mataram', 1, '2019-12-01 23:31:09', '2019-12-01 23:31:09'),
(103, 97, '2019-02-20', 'Komodi Ekspor Indonesia', 1, '2019-12-01 23:34:51', '2019-12-01 23:34:51'),
(104, 98, '2019-02-21', 'DDA', 1, '2019-12-01 23:43:11', '2019-12-01 23:43:11'),
(105, 97, '2019-02-21', 'DDA', 1, '2019-12-01 23:45:04', '2019-12-01 23:45:04'),
(106, 99, '2019-02-21', 'NTB Dalam Angka', 1, '2019-12-01 23:48:55', '2019-12-01 23:48:55'),
(107, 100, '2019-02-21', 'NTB Dalam Angka', 1, '2019-12-01 23:52:56', '2019-12-01 23:52:56'),
(108, 101, '2019-02-21', 'Kec. Dalam Angka', 1, '2019-12-01 23:56:51', '2019-12-01 23:56:51'),
(109, 102, '2019-02-21', 'Distribusi pupuk', 1, '2019-12-02 00:01:02', '2019-12-02 00:01:02'),
(110, 103, '2019-02-21', 'Jumlah Korban Kecelakan', 1, '2019-12-02 00:03:39', '2019-12-02 00:03:39'),
(111, 104, '2019-02-21', 'Jumlah Korban Kecelakan', 1, '2019-12-02 00:07:12', '2019-12-02 00:07:12'),
(112, 105, '2019-02-21', 'Permintaan Jamur Hitam', 1, '2019-12-02 00:09:49', '2019-12-02 00:09:49'),
(113, 106, '2019-02-22', 'Data Penduduk', 1, '2019-12-02 00:13:54', '2019-12-02 00:13:54'),
(114, 107, '2019-02-22', 'PE. Pengangguran, IPM, Kemiskinan', 1, '2019-12-02 00:18:05', '2019-12-02 00:18:05'),
(115, 108, '2019-02-22', 'PE. Pengangguran, IPM, Kemiskinan', 1, '2019-12-02 00:20:43', '2019-12-02 00:20:43'),
(116, 109, '2019-02-22', 'Penkanan dan UMKM', 1, '2019-12-02 00:24:38', '2019-12-02 00:24:38'),
(117, 101, '2019-02-22', 'Konsumsi', 1, '2019-12-02 00:27:35', '2019-12-02 00:27:35'),
(118, 110, '2019-02-24', 'Kabupaten Bima Dalam Angka', 1, '2019-12-02 00:30:35', '2019-12-02 00:30:35'),
(119, 111, '2019-02-24', 'Ntb Dalam Angka', 1, '2019-12-02 00:35:50', '2019-12-02 00:35:50'),
(120, 112, '2019-02-24', 'Ntb Dalam Angka', 1, '2019-12-02 00:38:24', '2019-12-02 00:38:24'),
(121, 113, '2019-02-24', 'Ntb Dalam Angka', 1, '2019-12-02 00:41:13', '2019-12-02 00:41:13'),
(122, 114, '2019-02-24', 'NTB Dalam Angka', 1, '2019-12-02 23:18:52', '2019-12-02 23:18:52'),
(123, 114, '2019-02-24', 'NTB Dalam Angka', 1, '2019-12-02 23:20:50', '2019-12-02 23:20:50'),
(124, 115, '2019-02-24', 'Ntb Dalam Angka', 1, '2019-12-02 23:24:55', '2019-12-02 23:24:55'),
(125, 116, '2019-02-24', 'Ntb Dalam Angka', 1, '2019-12-02 23:28:31', '2019-12-02 23:28:31'),
(126, 117, '2019-02-24', 'Ntb Dalam Angka', 1, '2019-12-02 23:31:26', '2019-12-02 23:31:26'),
(127, 118, '2019-02-24', 'Ntb Dalam Angka', 1, '2019-12-02 23:34:29', '2019-12-02 23:34:29'),
(128, 119, '2019-02-24', 'Ntb Dalam Angka', 1, '2019-12-02 23:37:27', '2019-12-02 23:37:27'),
(129, 120, '2019-02-24', 'Ntb Dalam Angka', 1, '2019-12-02 23:40:27', '2019-12-02 23:40:27'),
(130, 121, '2019-02-24', 'Ntb Dalam Angka', 1, '2019-12-02 23:44:01', '2019-12-02 23:44:01'),
(131, 122, '2019-02-25', 'Data Perikanan', 1, '2019-12-02 23:47:18', '2019-12-02 23:47:18'),
(132, 123, '2019-02-25', 'Data Perikanan', 1, '2019-12-03 23:56:22', '2019-12-03 23:56:22'),
(133, 124, '2019-12-26', 'NTB Dalam Angka', 1, '2019-12-03 23:59:54', '2019-12-03 23:59:54'),
(134, 125, '2019-03-03', 'Kota Mataram Dalam Angka', 1, '2019-12-04 00:04:33', '2019-12-04 00:04:33'),
(135, 126, '2019-03-03', 'Pernikahan Dini', 1, '2019-12-04 00:09:04', '2019-12-04 00:09:04'),
(136, 127, '2019-03-04', 'Sartifakasi Halal', 1, '2019-12-04 00:14:19', '2019-12-04 00:14:19'),
(137, 110, '2019-03-04', 'PDRB Mataram', 1, '2019-12-04 00:16:14', '2019-12-04 00:16:14'),
(138, 95, '2019-03-11', 'IPM Pertumbuhan Ekonomi', 1, '2019-12-04 00:20:28', '2019-12-04 00:20:28'),
(139, 101, '2019-03-11', 'Data Kunjungan Wisata', 1, '2019-12-04 04:08:40', '2019-12-04 04:08:40'),
(140, 128, '2019-03-12', 'DDA', 1, '2019-12-04 23:32:39', '2019-12-04 23:32:39'),
(141, 57, '2019-03-12', 'Kemiskinan', 1, '2019-12-04 23:38:34', '2019-12-04 23:38:34'),
(142, 129, '2019-03-14', 'Kemiskinan', 1, '2019-12-04 23:41:14', '2019-12-04 23:41:14'),
(143, 130, '2019-03-14', 'Kemiskinan', 1, '2019-12-04 23:54:55', '2019-12-04 23:54:55'),
(144, 131, '2019-03-14', 'Sosial Budaya', 1, '2019-12-04 23:58:34', '2019-12-04 23:58:34'),
(145, 132, '2019-03-15', 'Perternakan', 1, '2019-12-05 00:01:31', '2019-12-05 00:01:31'),
(146, 133, '2019-03-15', 'Jumlah penduduk', 1, '2019-12-05 00:04:53', '2019-12-05 00:04:53'),
(147, 134, '2019-03-15', 'DDA', 1, '2019-12-05 00:08:10', '2019-12-05 00:08:10'),
(148, 75, '2019-03-18', 'DDA Lotim', 1, '2019-12-05 00:09:15', '2019-12-05 00:09:15'),
(149, 135, '2019-03-19', 'Data holtikultura NTB', 1, '2019-12-08 23:46:47', '2019-12-08 23:46:47'),
(150, 136, '2019-03-19', 'Data holtikultura NTB', 1, '2019-12-08 23:49:25', '2019-12-08 23:49:25'),
(151, 137, '2019-03-19', 'Data Budidaya Ikan Air Payau', 1, '2019-12-08 23:51:59', '2019-12-08 23:51:59'),
(152, 138, '2019-03-19', 'DDA', 1, '2019-12-08 23:57:25', '2019-12-08 23:57:25'),
(153, 139, '2019-03-21', 'DDA', 1, '2019-12-09 00:03:07', '2019-12-09 00:03:07'),
(154, 140, '2019-03-21', 'Sensus Pertanian', 1, '2019-12-09 00:08:15', '2019-12-09 00:08:15'),
(155, 141, '2019-03-25', 'Data Penjualan Rumput Liar', 1, '2019-12-10 23:35:58', '2019-12-10 23:35:58'),
(156, 142, '2019-03-25', 'DDA', 1, '2019-12-10 23:38:25', '2019-12-10 23:38:25'),
(157, 143, '2019-03-25', 'DDA', 1, '2019-12-10 23:41:14', '2019-12-10 23:41:14'),
(158, 144, '2019-03-26', 'Data Kangkung', 1, '2019-12-10 23:44:30', '2019-12-10 23:44:30'),
(159, 145, '2019-03-27', 'Data Padi di Dompu', 1, '2019-12-10 23:47:31', '2019-12-10 23:47:31'),
(160, 146, '2019-03-28', 'Data Inflasi Penganguran', 1, '2019-12-10 23:49:44', '2019-12-10 23:49:44'),
(161, 147, '2019-03-28', 'Data Inflasi Penganguran', 1, '2019-12-10 23:52:31', '2019-12-10 23:52:31'),
(162, 148, '2019-03-28', 'Data Lobar Dalam Angka', 1, '2019-12-10 23:55:51', '2019-12-10 23:55:51'),
(163, 149, '2019-03-28', 'Data  PDRB', 1, '2019-12-10 23:58:35', '2019-12-10 23:58:35'),
(164, 110, '2019-03-31', 'Pengangguran', 1, '2019-12-11 00:17:34', '2019-12-11 00:17:34'),
(165, 37, '2019-03-28', 'Data PDRB', 1, '2019-12-11 23:29:05', '2019-12-11 23:29:05'),
(166, 150, '2019-03-28', 'KLU Dalam Angka', 1, '2019-12-11 23:32:31', '2019-12-11 23:32:31'),
(167, 151, '2019-04-01', 'DDA', 1, '2019-12-11 23:35:22', '2019-12-11 23:35:22'),
(168, 38, '2019-03-29', 'Laju Pertumbuhan Penduduk', 1, '2019-12-11 23:37:02', '2019-12-11 23:37:02'),
(169, 38, '2019-04-01', 'DDA NTB', 1, '2019-12-11 23:38:17', '2019-12-11 23:38:17'),
(170, 152, '2019-04-01', 'Eksport', 1, '2019-12-11 23:41:08', '2019-12-11 23:41:08'),
(171, 153, '2019-04-02', 'Produksi Buah Nangka NTB', 1, '2019-12-11 23:45:26', '2019-12-11 23:45:26'),
(172, 152, '2019-04-04', 'Perkebunan Kelapa Sawit', 1, '2019-12-11 23:46:49', '2019-12-11 23:46:49'),
(173, 154, '2019-04-04', 'Produksi Cabai', 1, '2019-12-11 23:49:25', '2019-12-11 23:49:25'),
(174, 155, '2019-04-04', 'Produksi Cabai', 1, '2019-12-11 23:53:10', '2019-12-11 23:53:10'),
(175, 156, '2019-04-05', 'Data Jumlah Rumah Makan', 1, '2019-12-11 23:56:15', '2019-12-11 23:56:15'),
(176, 157, '2019-04-05', 'Data Jumlah Rumah Makan', 1, '2019-12-11 23:58:57', '2019-12-11 23:58:57'),
(177, 153, '2019-04-05', 'DDA', 1, '2019-12-12 00:00:46', '2019-12-12 00:00:46'),
(178, 158, '2019-04-05', 'PDRB', 1, '2019-12-12 00:03:08', '2019-12-12 00:03:08'),
(179, 159, '2019-04-05', 'PDRB, Kemiskinan, dan Inflasi', 1, '2019-12-12 23:35:17', '2019-12-12 23:35:17'),
(180, 160, '2019-04-05', 'Data UMK Mataram', 1, '2019-12-13 00:49:26', '2019-12-13 00:49:26'),
(181, 161, '2019-04-05', 'Data UMK Mataram', 1, '2019-12-13 00:51:36', '2019-12-13 00:51:36'),
(182, 162, '2019-04-05', 'Kecamatan Dalam Angka', 1, '2019-12-13 00:53:45', '2019-12-13 00:53:45'),
(183, 163, '2019-04-05', 'Kabupaten Dalam Angka', 1, '2019-12-13 00:56:20', '2019-12-13 00:56:20'),
(184, 164, '2019-04-05', 'Kabupaten Dalam Angka', 1, '2019-12-13 01:03:37', '2019-12-13 01:03:37'),
(185, 165, '2019-04-05', 'Data IHK', 1, '2019-12-13 01:09:17', '2019-12-13 01:09:17');

-- --------------------------------------------------------

--
-- Table structure for table `midentitas`
--

CREATE TABLE `midentitas` (
  `id` smallint(5) UNSIGNED NOT NULL,
  `nama` varchar(50) COLLATE utf8mb4_unicode_ci NOT NULL,
  `flag` tinyint(4) NOT NULL DEFAULT 1
) ENGINE=InnoDB DEFAULT CHARSET=utf8mb4 COLLATE=utf8mb4_unicode_ci;

--
-- Dumping data for table `midentitas`
--

INSERT INTO `midentitas` (`id`, `nama`, `flag`) VALUES
(1, 'Kartu Pelajar/Mahasiswa', 1),
(2, 'KTP', 1),
(3, 'SIM', 1),
(4, 'Paspor', 1),
(99, 'Lainnya', 1);

-- --------------------------------------------------------

--
-- Table structure for table `migrations`
--

CREATE TABLE `migrations` (
  `id` int(10) UNSIGNED NOT NULL,
  `migration` varchar(191) COLLATE utf8mb4_unicode_ci NOT NULL,
  `batch` int(11) NOT NULL
) ENGINE=InnoDB DEFAULT CHARSET=utf8mb4 COLLATE=utf8mb4_unicode_ci;

--
-- Dumping data for table `migrations`
--

INSERT INTO `migrations` (`id`, `migration`, `batch`) VALUES
(1, '2014_10_12_000000_create_users_table', 1),
(2, '2014_10_12_100000_create_password_resets_table', 1),
(3, '2019_08_19_000000_create_failed_jobs_table', 1),
(4, '2019_11_12_071531_mtamu', 1),
(5, '2019_11_12_234307_mpekerjaan', 1),
(6, '2019_11_12_234348_mjk', 1),
(7, '2019_11_12_234358_mpendidikan', 1),
(8, '2019_11_12_234431_mwarga', 1),
(9, '2019_11_12_234846_mlayanan', 1),
(10, '2019_11_13_001151_mkat_pekerjaan', 1),
(11, '2019_11_13_001640_mkunjungan', 1),
(12, '2019_11_13_003501_midentitas', 1),
(13, '2019_11_13_064615_kunjungan', 1),
(14, '2019_11_13_142037_pst_layanan', 1),
(15, '2019_11_13_142543_pst_manfaat', 1);

-- --------------------------------------------------------

--
-- Table structure for table `mjk`
--

CREATE TABLE `mjk` (
  `id` smallint(5) UNSIGNED NOT NULL,
  `nama` varchar(50) COLLATE utf8mb4_unicode_ci NOT NULL,
  `inisial` varchar(1) COLLATE utf8mb4_unicode_ci NOT NULL,
  `flag` tinyint(4) NOT NULL DEFAULT 1
) ENGINE=InnoDB DEFAULT CHARSET=utf8mb4 COLLATE=utf8mb4_unicode_ci;

--
-- Dumping data for table `mjk`
--

INSERT INTO `mjk` (`id`, `nama`, `inisial`, `flag`) VALUES
(1, 'Laki-Laki', 'L', 1),
(2, 'Perempuan', 'P', 1);

-- --------------------------------------------------------

--
-- Table structure for table `mkat_pekerjaan`
--

CREATE TABLE `mkat_pekerjaan` (
  `id` smallint(5) UNSIGNED NOT NULL,
  `nama` varchar(100) COLLATE utf8mb4_unicode_ci NOT NULL,
  `flag` tinyint(4) NOT NULL DEFAULT 1
) ENGINE=InnoDB DEFAULT CHARSET=utf8mb4 COLLATE=utf8mb4_unicode_ci;

--
-- Dumping data for table `mkat_pekerjaan`
--

INSERT INTO `mkat_pekerjaan` (`id`, `nama`, `flag`) VALUES
(1, 'Lembaga Pendidikan & Penelitian Dalam Negeri', 1),
(2, 'Lembaga Pendidikan & Penelitian Luar Negeri', 1),
(3, 'Kementerian & Lembaga Pemerintah', 1),
(4, 'Lembaga Internasional', 1),
(5, 'Media Massa', 1),
(6, 'Pemerintah Daerah', 1),
(7, 'Perbankan', 1),
(8, 'BUMN/BUMD', 1),
(9, 'Swasta Lainnya', 1),
(99, 'Lainnya', 1);

-- --------------------------------------------------------

--
-- Table structure for table `mkunjungan`
--

CREATE TABLE `mkunjungan` (
  `id` smallint(5) UNSIGNED NOT NULL,
  `nama` varchar(100) COLLATE utf8mb4_unicode_ci NOT NULL,
  `flag` tinyint(4) NOT NULL DEFAULT 1
) ENGINE=InnoDB DEFAULT CHARSET=utf8mb4 COLLATE=utf8mb4_unicode_ci;

--
-- Dumping data for table `mkunjungan`
--

INSERT INTO `mkunjungan` (`id`, `nama`, `flag`) VALUES
(1, 'Tugas Sekolah/Kuliah', 1),
(2, 'Skripsi/Tesis/Disertasi', 1),
(4, 'Penelitian', 1),
(8, 'Perencanaan', 1),
(16, 'Evaluasi', 1),
(32, 'Lainnya', 1);

-- --------------------------------------------------------

--
-- Table structure for table `mlayanan`
--

CREATE TABLE `mlayanan` (
  `id` smallint(5) UNSIGNED NOT NULL,
  `nama` varchar(100) COLLATE utf8mb4_unicode_ci NOT NULL,
  `flag` tinyint(4) NOT NULL DEFAULT 1
) ENGINE=InnoDB DEFAULT CHARSET=utf8mb4 COLLATE=utf8mb4_unicode_ci;

--
-- Dumping data for table `mlayanan`
--

INSERT INTO `mlayanan` (`id`, `nama`, `flag`) VALUES
(1, 'Pustaka Tercetak', 1),
(2, 'Pustaka Digital', 1),
(4, 'Layanan Data Mikro', 1),
(8, 'Pembelian Publikasi', 1),
(16, 'Konsultasi Data', 1),
(32, 'Rekomendasi survei', 1);

-- --------------------------------------------------------

--
-- Table structure for table `mpekerjaan`
--

CREATE TABLE `mpekerjaan` (
  `id` smallint(5) UNSIGNED NOT NULL,
  `nama` varchar(50) COLLATE utf8mb4_unicode_ci NOT NULL,
  `flag` tinyint(4) NOT NULL DEFAULT 1
) ENGINE=InnoDB DEFAULT CHARSET=utf8mb4 COLLATE=utf8mb4_unicode_ci;

--
-- Dumping data for table `mpekerjaan`
--

INSERT INTO `mpekerjaan` (`id`, `nama`, `flag`) VALUES
(1, 'Pelajar', 1),
(2, 'Mahasiswa', 1),
(3, 'Mahasiswa Poltek STIS', 1),
(4, 'Pegawai BPS', 1),
(5, 'Pegawai Tugas Belajar BPS', 1),
(6, 'PNS/TNI/POLRI', 1),
(7, 'Instansi Swasta', 1),
(8, 'Lembaga Pendidikan', 1),
(9, 'Lembaga Internasional', 1),
(99, 'Lainnya', 1);

-- --------------------------------------------------------

--
-- Table structure for table `mpendidikan`
--

CREATE TABLE `mpendidikan` (
  `id` smallint(5) UNSIGNED NOT NULL,
  `nama` varchar(50) COLLATE utf8mb4_unicode_ci NOT NULL,
  `flag` tinyint(4) NOT NULL DEFAULT 1
) ENGINE=InnoDB DEFAULT CHARSET=utf8mb4 COLLATE=utf8mb4_unicode_ci;

--
-- Dumping data for table `mpendidikan`
--

INSERT INTO `mpendidikan` (`id`, `nama`, `flag`) VALUES
(1, '<= SLTA', 1),
(2, 'D1/D2/D3', 1),
(3, 'D4/S1', 1),
(4, 'S2/S3', 1);

-- --------------------------------------------------------

--
-- Table structure for table `mtamu`
--

CREATE TABLE `mtamu` (
  `id` bigint(20) UNSIGNED NOT NULL,
  `id_midentitas` tinyint(1) NOT NULL,
  `nomor_identitas` varchar(20) COLLATE utf8mb4_unicode_ci NOT NULL,
  `nama_lengkap` varchar(250) COLLATE utf8mb4_unicode_ci NOT NULL,
  `tgl_lahir` date NOT NULL,
  `id_jk` tinyint(4) NOT NULL,
  `id_mkerja` tinyint(4) NOT NULL,
  `id_mkat_kerja` tinyint(4) NOT NULL,
  `kerja_detil` varchar(254) COLLATE utf8mb4_unicode_ci DEFAULT NULL,
  `id_mdidik` tinyint(4) NOT NULL,
  `id_mwarga` tinyint(4) NOT NULL,
  `email` varchar(254) COLLATE utf8mb4_unicode_ci DEFAULT NULL,
  `telepon` varchar(20) COLLATE utf8mb4_unicode_ci DEFAULT NULL,
  `alamat` text COLLATE utf8mb4_unicode_ci DEFAULT NULL,
  `created_at` timestamp NULL DEFAULT NULL,
  `updated_at` timestamp NULL DEFAULT NULL
) ENGINE=InnoDB DEFAULT CHARSET=utf8mb4 COLLATE=utf8mb4_unicode_ci;

--
-- Dumping data for table `mtamu`
--

INSERT INTO `mtamu` (`id`, `id_midentitas`, `nomor_identitas`, `nama_lengkap`, `tgl_lahir`, `id_jk`, `id_mkerja`, `id_mkat_kerja`, `kerja_detil`, `id_mdidik`, `id_mwarga`, `email`, `telepon`, `alamat`, `created_at`, `updated_at`) VALUES
(1, 1, 'A1A01D044', 'Habibul Ansor', '1996-11-27', 1, 2, 1, 'unram', 1, 1, NULL, '087864633300', 'Mataram', '2019-11-20 04:26:59', '2019-11-20 04:26:59'),
(2, 1, 'a1a014086', 'Mujahari', '1995-05-10', 1, 2, 1, 'unram', 1, 1, NULL, '085339010717', 'Mataram', '2019-11-20 04:31:52', '2019-11-20 04:31:52'),
(3, 1, '12a017010', 'Baiq Ekayuliana,se', '1973-06-30', 2, 2, 1, 'unram', 1, 1, NULL, '081907131351', 'Mataram', '2019-11-20 04:37:31', '2019-11-20 04:37:31'),
(4, 1, 'c1g114130', 'Wahyu Hidayat', '1996-12-01', 1, 2, 1, 'unram', 1, 1, NULL, '082350075114', 'Mataram', '2019-11-20 04:42:13', '2019-11-20 04:42:13'),
(5, 1, 'c1g1155006', 'Afrida Fitriana', '1997-02-19', 2, 2, 1, 'unram', 1, 1, NULL, '082340955991', 'Mataram', '2019-11-20 04:47:27', '2019-11-20 04:47:27'),
(6, 1, 'c1g114042', 'Fathurahman', '1996-05-24', 1, 2, 1, 'unram', 1, 1, NULL, '085205779379', 'Mataram', '2019-11-20 04:54:19', '2019-11-20 04:54:19'),
(7, 1, 'c1g116112', 'Siti Melinda s.d', '1998-05-27', 2, 2, 1, 'unram', 1, 1, NULL, '-', NULL, '2019-11-20 04:58:09', '2019-11-20 04:58:09'),
(8, 1, 'a1a015075', 'M.Adhari', '1996-04-15', 1, 2, 1, 'unram', 1, 1, NULL, '083129222724', 'Mataram', '2019-11-20 05:01:49', '2019-11-20 05:01:49'),
(9, 1, 'c16015212', 'Winda Sulishani', '1996-08-28', 2, 2, 1, 'unram', 1, 1, NULL, '085338499604', 'Mataram', '2019-11-20 05:06:00', '2019-11-20 05:06:00'),
(10, 2, '1502131641', 'Sri Devi', '1997-10-23', 2, 2, 1, 'unram', 1, 1, NULL, '085237333093', 'Mataram', '2019-11-20 06:29:03', '2019-11-20 06:29:03'),
(11, 1, 'c1g015106', 'Lola Thamara', '1997-05-29', 2, 2, 1, 'unram', 1, 1, NULL, '085238947626', 'Mataram', '2019-11-20 07:17:06', '2019-11-20 07:17:06'),
(12, 1, 'g1do15026', 'Marlyana Yunita', '1097-03-02', 2, 2, 1, 'unram', 1, 1, NULL, '085337652776', 'Mataram', '2019-11-20 07:21:19', '2019-11-20 07:21:19'),
(13, 1, 'a1a015147', 'Zikrullah', '1997-08-27', 1, 2, 1, 'unram', 1, 1, NULL, '082340051811', 'Mataram', '2019-11-20 07:36:17', '2019-11-20 07:36:17'),
(14, 1, 'a14015053', 'Indra Purnama Fitriah', '1997-01-30', 2, 2, 1, 'unram', 1, 1, NULL, '085339053521', 'Mataram', '2019-11-20 07:54:58', '2019-11-20 07:54:58'),
(15, 1, 'c1g115116', 'Nursyuhada', '1998-09-02', 2, 2, 1, 'unram', 1, 1, NULL, '081805223928', NULL, '2019-11-20 07:58:36', '2019-11-20 07:58:36'),
(16, 1, 'a1a015057', 'Isna Indah', '1997-01-02', 2, 2, 1, 'unram', 1, 1, NULL, '082340198543', 'Mataram', '2019-11-20 08:01:53', '2019-11-20 08:01:53'),
(17, 1, 'a35035o87', 'Nisy', '1997-12-29', 2, 2, 1, 'unram', 1, 1, NULL, '082341950944', 'Mataram', '2019-11-20 08:04:39', '2019-11-20 08:04:39'),
(18, 1, 'c1go14243', 'Yogi sukma k.', '1995-06-22', 1, 2, 1, 'unram', 1, 1, NULL, '083119576695', 'Mataram', '2019-11-20 08:07:27', '2019-11-20 08:07:27'),
(19, 1, 'b1d015207', 'Ramdana Putra', '1996-01-20', 1, 2, 1, 'unram', 1, 1, NULL, '085237362019', 'Mataram', '2019-11-21 23:37:45', '2019-11-21 23:37:45'),
(20, 2, '5271022311900004', 'Arjuna SH.', '1990-11-23', 1, 2, 1, 'unram', 1, 1, NULL, '081917661160', 'Mataram', '2019-11-21 23:42:00', '2019-11-21 23:42:00'),
(21, 1, 'c16015062', 'Elvana Fatina Zaetun', '1997-11-15', 2, 2, 1, 'unram', 1, 1, NULL, '087824995302', 'Lingsyar', '2019-11-21 23:45:27', '2019-11-21 23:45:27'),
(22, 1, 'c1g015092', 'Lalu Agung Nartiadi', '1997-09-19', 1, 2, 1, 'unram', 1, 1, NULL, '085205419896', 'Gerung', '2019-11-21 23:48:45', '2019-11-21 23:48:45'),
(23, 1, 'c16016153', 'Ni Putu Wulandari', '1998-03-29', 2, 2, 1, 'unram', 1, 1, NULL, '081338464141', 'Mataram', '2019-11-21 23:52:30', '2019-11-21 23:52:30'),
(24, 1, 'c1a000015', 'N. Makrufam SP.', '1981-08-13', 1, 8, 1, 'unram', 1, 1, NULL, '087864375121', 'Mataram', '2019-11-21 23:58:31', '2019-11-21 23:58:31'),
(25, 1, 'a1a015101', 'Radi Saputra', '1996-10-29', 1, 2, 1, 'unram', 1, 1, NULL, '082340852711', 'Mataram', '2019-11-22 00:08:49', '2019-11-22 00:08:49'),
(26, 1, '61d015026', 'M. Iqbal Syahputra', '1996-09-11', 1, 2, 1, 'unram', 1, 1, NULL, '087864037940', 'Mataram', '2019-11-22 00:11:37', '2019-11-22 00:11:37'),
(27, 1, 'a1a015107', 'Ria Fikriauti', '1997-01-05', 2, 2, 1, 'unram', 1, 1, NULL, '082340753304', 'Mataram', '2019-11-22 00:13:40', '2019-11-22 00:13:40'),
(28, 1, 'a1a015113', 'Rizka Qadiria Amin', '1997-07-15', 2, 2, 1, 'unram', 1, 1, NULL, '087765893364', 'Mataram', '2019-11-22 00:16:44', '2019-11-22 00:16:44'),
(29, 1, 'A1A015135', 'Syawilia Safitri', '1992-02-20', 2, 2, 1, 'unram', 1, 1, NULL, '082236125521', 'Mataram', '2019-11-26 03:35:25', '2019-11-26 03:35:25'),
(30, 1, 'C16017097', 'Julianti Agustina', '1999-08-07', 2, 2, 1, 'unram', 1, 1, NULL, '082339302005', 'Mataram', '2019-11-26 03:37:36', '2019-11-26 03:37:36'),
(31, 1, 'C1G115016', 'Anantiyas H.', '1997-09-28', 2, 2, 1, 'unram', 1, 1, NULL, '082340492', 'JL.Swakarsa 3A,Kekalik', '2019-11-26 03:40:38', '2019-11-26 03:40:38'),
(32, 1, 'C1G015184', 'Sopiatun Zohdi Nur', '1997-03-25', 2, 2, 1, 'unram', 1, 1, NULL, '085333166212', 'Ds.Agung', '2019-11-26 03:44:38', '2019-11-26 03:44:38'),
(33, 1, 'C1G016165', 'Nur suci Armini', '1997-12-08', 2, 2, 1, 'unram', 1, 1, NULL, '081917356512', 'Kr.Gentang Pangutan Mataram', '2019-11-26 03:47:20', '2019-11-26 03:47:20'),
(34, 1, 'A1B00128', 'Indri', '1999-08-23', 2, 2, 1, 'unram', 1, 1, NULL, '081337297842', 'Mataram', '2019-11-26 03:50:50', '2019-11-26 03:50:50'),
(35, 1, '12AO17007', 'Ayu Jwita', '1996-07-24', 2, 2, 1, 'unram', 1, 1, NULL, '081751257150', 'Mataram', '2019-11-26 03:54:43', '2019-11-26 03:54:43'),
(36, 1, 'C1G017156', 'Ni Wayan Leura Alista', '1999-08-01', 2, 2, 1, 'unram', 1, 1, NULL, '085337483218', 'Jl.Khairel Anwar,Cakra', '2019-11-26 04:00:40', '2019-11-26 04:00:40'),
(37, 1, 'C1G017152', 'Ni Luh Putu Kurnia Sari Dewi', '1999-01-28', 2, 2, 1, 'unram', 1, 1, NULL, '087840669502', 'Jl.Gunung Baru No 3 ,BTN', '2019-11-26 04:04:42', '2019-11-26 04:04:42'),
(38, 1, 'G1D015028', 'Muhammad Iqbal Syahputra', '1996-09-11', 1, 2, 1, 'unram', 1, 1, NULL, '087864037940', 'Pangutan', '2019-11-26 04:09:30', '2019-11-26 04:09:30'),
(39, 1, 'C1G014087', 'Hermin Yuniarti', '1996-12-31', 2, 2, 1, 'unram', 1, 1, NULL, '082339474626', 'Kekalik Bulok, No 5', '2019-11-26 05:22:47', '2019-11-26 05:22:47'),
(40, 1, 'B1D014131', 'Junariah', '1996-04-14', 2, 2, 1, 'unram', 1, 1, NULL, '082339042004', 'Jl. Pemuda Gang Kemitir. No 10', '2019-11-26 05:26:54', '2019-11-26 05:26:54'),
(41, 1, 'C1G013109', 'Junaidi', '1995-09-15', 1, 2, 1, 'unram', 1, 1, NULL, '085967000336', 'Jl.Swakarya Kekalik Matram', '2019-11-26 23:31:29', '2019-11-26 23:31:29'),
(42, 2, '5271024501640002', 'Inda Ayu Putri', '1964-01-05', 2, 7, 9, 'unram', 1, 1, NULL, '0811390587', 'Jl.Tulung Agung No 10', '2019-11-26 23:36:55', '2019-11-26 23:36:55'),
(43, 1, 'C1G112003', 'Imam Budi Ardi', '1994-04-14', 1, 2, 1, 'unram', 1, 1, NULL, '087783262503', 'Mataram', '2019-11-26 23:39:39', '2019-11-26 23:39:39'),
(44, 1, 'A1A015100', 'Putu Desy', '1996-12-18', 2, 2, 1, 'unram', 1, 1, NULL, '083129794133', 'Mataram', '2019-11-26 23:42:48', '2019-11-26 23:42:48'),
(45, 1, 'G1A015031', 'Sawmi Junnaharr Ayyan', '1996-04-08', 2, 2, 1, 'unram', 1, 1, NULL, '083849857905', 'Mataram', '2019-11-26 23:45:53', '2019-11-26 23:45:53'),
(46, 1, '51B0I5057', 'Maenah', '1995-10-18', 2, 2, 1, 'unram', 1, 1, NULL, '082340873724', 'Mataram', '2019-11-26 23:49:32', '2019-11-26 23:49:32'),
(47, 1, 'C1G014139', 'Mardilah', '1996-06-13', 2, 2, 1, 'unram', 1, 1, NULL, '081246645291', 'Jl.Udayana Mataram', '2019-11-26 23:52:33', '2019-11-26 23:52:33'),
(48, 1, 'C1G011017', 'Artna Winata', '1992-10-17', 1, 2, 1, 'unram', 1, 1, NULL, '087864732221', 'Praya', '2019-11-26 23:54:58', '2019-11-26 23:54:58'),
(49, 1, 'G1D015031', 'Ni Wayan Dianita Sari', '1997-08-15', 2, 2, 1, 'unram', 1, 1, NULL, '081547622796', 'Gebang Baru', '2019-11-26 23:58:13', '2019-11-26 23:58:13'),
(50, 1, 'G1d015011', 'Hikmawati', '1997-06-30', 2, 2, 1, 'unram', 1, 1, NULL, '087763363483', 'Gomong, Mataram', '2019-11-27 00:01:09', '2019-11-27 00:01:09'),
(51, 1, 'G1D015038', 'Ririn Janwari Ramdan', '1997-01-16', 2, 2, 1, 'unram', 1, 1, NULL, '082339920481', 'Gg. Rinjani V Apenan', '2019-11-27 06:24:20', '2019-11-27 06:24:20'),
(52, 1, 'L1C014026', 'MuhammadAlwi Sudarsi', '1995-05-23', 1, 2, 1, 'unram', 1, 1, NULL, '087761796795', 'Mataram', '2019-11-27 06:28:38', '2019-11-27 06:28:38'),
(53, 1, 'A1A015052', 'Indah Rozana', '1997-03-04', 2, 2, 1, 'unram', 1, 1, NULL, '087754121291', 'Jl.Alinapiah Babakan', '2019-11-27 23:19:04', '2019-11-27 23:19:04'),
(54, 1, 'I2G017015', 'Padli', '1998-08-03', 1, 2, 1, 'unram', 1, 1, NULL, '081999665682', 'Lotim', '2019-11-27 23:23:46', '2019-11-27 23:23:46'),
(55, 1, 'E1Q016011', 'Mia Rexa', '1998-04-10', 2, 2, 1, 'unram', 1, 1, NULL, '081998471388', 'Gerung, Lobar', '2019-11-27 23:28:35', '2019-11-27 23:28:35'),
(56, 1, 'G1D017020', 'Fahmi Handika', '1999-02-15', 1, 2, 1, 'unram', 1, 1, NULL, '087860394942', 'Tanjung, KLU', '2019-11-27 23:31:05', '2019-11-27 23:31:05'),
(57, 1, 'I2G017065', 'Padli', '1986-08-03', 1, 2, 1, 'unram', 1, 1, NULL, '081059966568', 'Lotim', '2019-11-27 23:35:10', '2019-11-27 23:35:10'),
(58, 1, 'E1S014011', 'Ely Susanti', '1995-12-30', 2, 2, 1, 'unram', 1, 1, NULL, '082340409143', 'Jl. Majapahit NO 13', '2019-11-27 23:37:40', '2019-11-27 23:37:40'),
(59, 2, '201610280211007', 'Hasmi', '1992-09-10', 2, 2, 1, 'unram', 1, 1, NULL, '087889217009', 'Jl. Majapahit NO 13', '2019-11-27 23:41:11', '2019-11-27 23:41:11'),
(60, 1, 'C1G115113', 'Nurbakti', '1996-10-05', 1, 2, 1, 'unram', 1, 1, NULL, '082340074873', 'Loteng', '2019-11-27 23:48:38', '2019-11-27 23:48:38'),
(61, 2, '5271016201790003', 'Hijriyah Farida Sukmawati', '1979-01-22', 2, 7, 9, 'unram', 1, 1, NULL, '082237941218', 'Mataram', '2019-11-27 23:53:01', '2019-11-27 23:53:01'),
(62, 2, '5201034107720681', 'Farida Sukmawati', '1970-12-06', 2, 7, 9, 'unram', 1, 1, NULL, '081237118019', 'Mataram', '2019-11-27 23:56:02', '2019-11-27 23:56:02'),
(63, 1, 'C1G212079', 'Galu Mardu', '1992-06-15', 1, 2, 1, 'unram', 1, 1, NULL, '087857847609', 'Lotim', '2019-11-27 23:58:29', '2019-11-27 23:58:29'),
(64, 1, 'PO48446', 'Apibuddin Ramdhani', '1990-02-01', 1, 2, 1, 'unram', 1, 1, NULL, '082236710639', 'Lingsar, Lobar', '2019-11-28 23:34:42', '2019-11-28 23:34:42'),
(65, 2, '1527102401640002', 'Inda Ayu Putri', '1964-01-05', 2, 7, 9, 'unram', 1, 1, NULL, '081139058732', 'Mataram', '2019-11-28 23:38:56', '2019-11-28 23:38:56'),
(66, 1, 'CI6015138', 'Nunung Dasimah', '1997-03-27', 2, 2, 1, 'unram', 1, 1, NULL, '087852200582', 'Gabak, Desa Batujai Loteng', '2019-11-28 23:41:46', '2019-11-28 23:41:46'),
(67, 1, 'CI6015147', 'Nurul Hidayat', '1997-05-05', 2, 2, 1, 'unram', 1, 1, NULL, '087863401867', 'Darek, Praya Barat Daya Loteng', '2019-11-28 23:44:23', '2019-11-28 23:44:23'),
(68, 1, 'CI0014238', 'Yan Sabda Indranata', '1996-01-05', 1, 2, 1, 'unram', 1, 1, NULL, '085205124626', 'Krng. Panas, Ampenan selatan', '2019-11-28 23:47:24', '2019-11-28 23:47:24'),
(69, 2, '5271020710926004', 'Pariaditya', '1992-10-07', 1, 2, 1, 'unram', 1, 1, NULL, '087750034858', 'Jl. Dodokan V NO. 3', '2019-11-28 23:50:32', '2019-11-28 23:50:32'),
(70, 1, 'C1G015101', 'Lilianti Puspita Sari', '1997-07-29', 2, 2, 1, 'unram', 1, 1, NULL, '083193989080', 'Mataram', '2019-11-28 23:55:32', '2019-11-28 23:55:32'),
(71, 1, 'C1G014211', 'Siti Amanah', '1995-07-05', 2, 2, 1, 'unram', 1, 1, NULL, '085333644160', 'Loteng', '2019-11-28 23:57:56', '2019-11-28 23:57:56'),
(72, 1, 'A1A015137', 'Weni Safitri', '1998-01-14', 2, 2, 1, 'unram', 1, 1, NULL, '085253719090', 'Lotim', '2019-11-29 00:00:18', '2019-11-29 00:00:18'),
(73, 1, 'A1A015065', 'Lala Rizka Fitriana', '1996-02-27', 2, 2, 1, 'unram', 1, 1, NULL, '085205197051', 'KLU', '2019-11-29 00:02:32', '2019-11-29 00:02:32'),
(74, 1, 'A1A015050', 'Ilham Bintang Mariska', '1997-03-05', 1, 2, 1, 'unram', 1, 1, NULL, '085339004142', 'Mataram', '2019-11-29 00:06:04', '2019-11-29 00:06:04'),
(75, 1, 'C1G015090', 'Laela Halpiah', '1996-02-27', 2, 2, 1, 'unram', 1, 1, NULL, '082340411694', 'Labuapi', '2019-11-29 00:10:02', '2019-11-29 00:10:02'),
(76, 1, 'C1G111425', 'Taufik Malik', '1995-05-14', 1, 2, 1, 'unram', 1, 1, NULL, '082339331212', 'Labuapi', '2019-11-29 00:13:27', '2019-11-29 00:13:27'),
(77, 1, 'C1G114133', 'Yadiansyan', '1994-08-29', 1, 2, 1, 'unram', 1, 1, NULL, '085338599446', 'Kekalik', '2019-11-29 00:31:20', '2019-11-29 00:31:20'),
(78, 1, 'C1G115151', 'Yusi Erika Putri', '1996-08-11', 2, 2, 1, 'unram', 1, 1, NULL, '085387901227', 'Monjok Timur', '2019-11-29 00:34:02', '2019-11-29 00:34:02'),
(79, 1, 'C1G115125', 'Ria Zidwi Rahatu', '1996-05-25', 2, 2, 1, 'unram', 1, 1, NULL, '082340089085', 'Kakelik', '2019-11-29 00:36:41', '2019-11-29 00:36:41'),
(80, 1, 'A1A015040', 'Helmi Hidayati', '1997-05-05', 2, 2, 1, 'unram', 1, 1, NULL, '085339947647', 'Kekalik Jaya', '2019-11-29 00:39:16', '2019-11-29 00:39:16'),
(81, 1, 'A0C015119', 'Nurul Husna', '1997-09-03', 2, 2, 1, 'unram', 1, 1, NULL, '082340980388', 'Kekalik Jaya', '2019-11-29 00:41:46', '2019-11-29 00:41:46'),
(82, 1, 'A1A012041', 'Eko Rochan', '1994-02-17', 1, 2, 1, 'unram', 1, 1, NULL, '082340869567', 'BTN Pangutan', '2019-11-29 00:44:13', '2019-11-29 00:44:13'),
(83, 1, 'J1B014108', 'Syahrul Manaf', '1996-08-13', 1, 2, 1, 'unram', 1, 1, NULL, '085338125468', 'Dasan Agung Pelita', '2019-11-29 00:46:39', '2019-11-29 00:46:39'),
(84, 2, '5271064403650001', 'Ida Ayu Marini', '1965-03-04', 2, 7, 9, 'unram', 1, 1, NULL, '081917238960', 'Mataram', '2019-11-29 06:29:19', '2019-11-29 06:29:19'),
(85, 1, 'C1G114053', 'I Wayan Sutrima P.W', '1997-01-05', 1, 2, 1, 'unram', 1, 1, NULL, '081937151113', 'Selagalas', '2019-11-29 06:33:01', '2019-11-29 06:33:01'),
(86, 1, 'A1B114156', 'Ni Nyoman Risa A.M', '1996-04-02', 2, 2, 1, 'unram', 1, 1, NULL, '087865868264', 'Prumnas', '2019-11-29 06:35:35', '2019-11-29 06:35:35'),
(87, 2, '1196812311989031011', 'Junaedi', '1990-12-31', 1, 2, 1, 'unram', 1, 1, NULL, '081917158985', 'Mataram', '2019-11-29 06:39:02', '2019-11-29 06:39:02'),
(88, 1, 'A1A015095', 'Pebriyanti', '1998-02-15', 1, 2, 1, 'unram', 1, 1, NULL, '085338455268', 'Dasan Agung', '2019-11-29 06:41:19', '2019-11-29 06:41:19'),
(89, 3, '20150520258', 'Zahratul Dinda Azani', '1997-05-16', 2, 2, 1, 'unram', 1, 1, NULL, '087832250827', 'Sesela', '2019-11-29 06:44:06', '2019-11-29 06:44:06'),
(90, 1, 'C1G113003', 'Abdul Hajib', '1994-01-05', 1, 2, 1, 'unram', 1, 1, NULL, '085340581995', 'Jl. Ubur Ubur', '2019-11-29 06:47:02', '2019-11-29 06:47:02'),
(91, 1, 'A1A015086', 'Nina Mauhdya', '1997-07-15', 2, 2, 1, 'unram', 1, 1, NULL, '081770851435', 'Lingkar Selatan', '2019-11-29 06:50:07', '2019-11-29 06:50:07'),
(92, 1, 'F1B114006', 'Bayu Ramadhan', '1996-01-31', 1, 2, 1, 'unram', 1, 1, NULL, '085338009740', 'Monjok Pemamoran', '2019-11-29 06:52:51', '2019-11-29 06:52:51'),
(93, 1, 'D1A114226', 'Roy Suranto', '1996-05-22', 1, 2, 1, 'unram', 1, 1, NULL, '087860127390', 'Pejeruk', '2019-11-29 06:55:20', '2019-11-29 06:55:20'),
(94, 1, 'C1G013235', 'Wahyani Permadi Hasdari', '1995-11-01', 2, 2, 1, 'unram', 1, 1, NULL, '081936673116', 'Monjok', '2019-11-29 06:59:50', '2019-11-29 06:59:50'),
(95, 2, '155020101111010', 'Fikri Ningsi', '1997-04-12', 2, 2, 1, 'unram', 1, 1, NULL, '082141391521', 'Dompu', '2019-11-29 07:02:06', '2019-11-29 07:02:06'),
(96, 1, '218120200', 'Nurlisa Wahyuningsi', '1999-10-07', 2, 2, 1, 'unram', 1, 1, NULL, '082342154931', 'Dompu', '2019-11-29 07:04:54', '2019-11-29 07:04:54'),
(97, 99, '0825088501', 'Didi Suwardi', '1985-08-25', 1, 7, 9, 'unram', 1, 1, NULL, '081909171960', 'Mataram', '2019-12-01 23:34:51', '2019-12-01 23:34:51'),
(98, 2, '5271026308820001', 'Syahema Indari', '1982-08-23', 2, 7, 9, 'unram', 1, 1, NULL, '081339117437', 'Mataram', '2019-12-01 23:43:11', '2019-12-01 23:43:11'),
(99, 1, 'B1D014104', 'Huriah', '1996-01-05', 2, 2, 1, 'unram', 1, 1, NULL, '085338619874', 'Jelantik, Jonggat, Lotim', '2019-12-01 23:48:55', '2019-12-01 23:48:55'),
(100, 1, 'E2E016027', 'Desri Rahayu  R.', '1998-12-29', 2, 2, 1, 'unram', 1, 1, NULL, '085339034550', 'Apitaik, Pringgabaya,  Lotim', '2019-12-01 23:52:56', '2019-12-01 23:52:56'),
(101, 2, '5202120608870003', 'Muahammad Fadli', '1987-08-26', 1, 7, 9, 'unram', 1, 1, NULL, '085338871951', 'Jl. Danau Mataram NO. 01', '2019-12-01 23:56:51', '2019-12-01 23:56:51'),
(102, 1, 'C1G014240', 'Yayat Suprianto', '1995-08-02', 1, 2, 1, 'unram', 1, 1, NULL, '085338668698', 'Gomong Lama', '2019-12-02 00:01:02', '2019-12-02 00:01:02'),
(103, 1, 'F1A115006', 'Anisyah', '1997-11-10', 2, 2, 1, 'unram', 1, 1, NULL, '081805798607', 'Ampenan', '2019-12-02 00:03:39', '2019-12-02 00:03:39'),
(104, 1, 'F1A115009', 'Auliya Isolihati', '1996-11-21', 2, 2, 1, 'unram', 1, 1, NULL, '085290588387', 'Gunungsari', '2019-12-02 00:07:12', '2019-12-02 00:07:12'),
(105, 1, 'C1G015143', 'Nurhadiah', '1995-06-01', 2, 2, 1, 'unram', 1, 1, NULL, '087853707191', 'Monjok', '2019-12-02 00:09:49', '2019-12-02 00:09:49'),
(106, 2, '5271042011810001', 'Irfan Firmansyah', '1984-11-20', 1, 7, 9, 'unram', 1, 1, NULL, '081736439880', 'Mataram', '2019-12-02 00:13:54', '2019-12-02 00:13:54'),
(107, 99, '155020101111010', 'Fitri Ningsi', '1997-04-12', 2, 2, 1, 'unram', 1, 1, NULL, '082141391521', 'Dompu', '2019-12-02 00:18:05', '2019-12-02 00:18:05'),
(108, 99, '517020063', 'Retno', '1999-08-17', 2, 2, 1, 'unram', 1, 1, NULL, '082340167092', 'Dompu', '2019-12-02 00:20:43', '2019-12-02 00:20:43'),
(109, 2, '5271019909670001', 'Santi N.', '1967-09-09', 2, 7, 9, 'unram', 1, 1, NULL, '081757009990', 'Mataram_Feb Unram', '2019-12-02 00:24:38', '2019-12-02 00:24:38'),
(110, 1, 'A1A014084', 'Muhammad Miktahur Rizal', '1996-10-10', 1, 2, 1, 'unram', 1, 1, NULL, '083335546676', 'Udayana', '2019-12-02 00:30:35', '2019-12-02 00:30:35'),
(111, 2, '199507302019011002', 'Aditya Duri Yulianto', '1995-07-30', 1, 2, 1, 'unram', 1, 1, NULL, '083871996894', 'Sumbawa', '2019-12-02 00:35:50', '2019-12-02 00:35:50'),
(112, 2, '199610042019012001', 'Surya Kamala', '1996-10-04', 2, 2, 1, 'unram', 1, 1, NULL, '083871996894', 'Sumbawa', '2019-12-02 00:38:24', '2019-12-02 00:38:24'),
(113, 2, '3509135406960002', 'Hilmi Sifa Iftitah', '1996-06-14', 2, 2, 1, 'unram', 1, 1, NULL, '082332584822', 'Kota Bima', '2019-12-02 00:41:13', '2019-12-02 00:41:13'),
(114, 2, '199506272019012001', 'Adelia Alifiany B.', '1995-06-27', 2, 2, 1, 'unram', 1, 1, NULL, '087865625515', 'Kab Bima', '2019-12-02 23:18:52', '2019-12-02 23:18:52'),
(115, 2, '199608212019012002', 'Feby Aulia', '1996-08-21', 2, 2, 1, 'unram', 1, 1, NULL, '085930230367', 'Kabupaten Bima', '2019-12-02 23:24:54', '2019-12-02 23:24:54'),
(116, 2, '199508102019012001', 'Rimassatya Pawestry', '1995-08-10', 2, 2, 1, 'unram', 1, 1, NULL, '085259960795', 'Kabupaten Lombok Utara', '2019-12-02 23:28:31', '2019-12-02 23:28:31'),
(117, 2, '199701252019012003', 'Fizza Anindhita', '1997-01-25', 2, 2, 1, 'unram', 1, 1, NULL, '085770061577', 'Kabupaten Sumbawa', '2019-12-02 23:31:26', '2019-12-02 23:31:26'),
(118, 2, '199607142019011001', 'I Putu Surya Natha Radatama', '1996-07-14', 1, 2, 1, 'unram', 1, 1, NULL, '082110188424', 'Kabupaten Bima', '2019-12-02 23:34:29', '2019-12-02 23:34:29'),
(119, 2, '199512302019011002', 'I Ketut Gede Ari Utama Putra', '1995-12-30', 1, 2, 1, 'unram', 1, 1, NULL, '087865484914', 'Kabupaten Sumbawa', '2019-12-02 23:37:27', '2019-12-02 23:37:27'),
(120, 2, '199603182019011001', 'Arza Habibul Asdid', '1996-03-18', 1, 2, 1, 'unram', 1, 1, NULL, '085954765823', 'Kabupaten Sumbawa', '2019-12-02 23:40:27', '2019-12-02 23:40:27'),
(121, 2, '199608282019011001', 'I Mab Ardi', '1996-08-28', 1, 2, 1, 'unram', 1, 1, NULL, '087885522044', 'Kabupaten Dompu', '2019-12-02 23:44:01', '2019-12-02 23:44:01'),
(122, 1, 'C1G015102', 'Lina Hidayati', '1996-02-28', 1, 2, 1, 'unram', 1, 1, NULL, '085337484842', 'Mataram', '2019-12-02 23:47:18', '2019-12-02 23:47:18'),
(123, 2, '3401082405960001', 'Wahyu Satyo Budi', '1996-05-24', 1, 2, 1, 'unram', 1, 1, NULL, '085697185591', 'Kabupaten Sumbawa Barat', '2019-12-03 23:56:22', '2019-12-03 23:56:22'),
(124, 99, '16033000050', 'Abimanyu Y.P', '1997-03-18', 1, 2, 1, 'unram', 1, 1, NULL, '081252089382', 'Mataram', '2019-12-03 23:59:54', '2019-12-03 23:59:54'),
(125, 1, 'C1G015025', 'Asa Puasari', '1998-02-06', 2, 2, 1, 'unram', 1, 1, NULL, '085338581967', 'Mataram', '2019-12-04 00:04:33', '2019-12-04 00:04:33'),
(126, 99, '327104319163001', 'Darmawan', '1990-03-01', 1, 2, 1, 'unram', 1, 1, NULL, '081339589329', 'Mataram', '2019-12-04 00:09:04', '2019-12-04 00:09:04'),
(127, 1, 'A1B115194', 'Midaul Fitriah', '1998-04-05', 2, 2, 1, 'unram', 1, 1, NULL, '082339313585', 'Mataram', '2019-12-04 00:14:18', '2019-12-04 00:14:18'),
(128, 2, '5203017004970001', 'Islamiyah Hadiatmi', '1997-04-30', 2, 2, 1, 'unram', 1, 1, NULL, '081999665682', 'Lotim', '2019-12-04 23:32:39', '2019-12-04 23:32:39'),
(129, 1, 'C1G113072', 'Muhammad Gunawan', '1995-10-05', 1, 2, 1, 'unram', 1, 1, NULL, '085338034096', 'KLU', '2019-12-04 23:41:14', '2019-12-04 23:41:14'),
(130, 1, '13411022', 'Randang Sukasase', '1993-04-03', 1, 2, 1, 'unram', 1, 1, NULL, '082340281069', 'KLU', '2019-12-04 23:54:55', '2019-12-04 23:54:55'),
(131, 2, '198308162015042002', 'Dyah Ehri Ekasmara', '1983-08-16', 2, 7, 9, 'unram', 1, 1, NULL, '081238007059', 'Mataram', '2019-12-04 23:58:34', '2019-12-04 23:58:34'),
(132, 1, 'C1G114083', 'Maskur Arif Hidayat', '1996-09-09', 1, 2, 1, 'unram', 1, 1, NULL, '085139056337', 'Taliwang KSB', '2019-12-05 00:01:31', '2019-12-05 00:01:31'),
(133, 99, '1710596017', 'Bukhari Rahmat', '1971-05-12', 1, 7, 9, 'unram', 1, 1, NULL, '082341736466', 'Jalan Swakarya NO 21 Kakalik', '2019-12-05 00:04:53', '2019-12-05 00:04:53'),
(134, 2, '5271046607060004', 'Baiq Zia Ayu Lestary', '1986-07-26', 2, 2, 1, 'unram', 1, 1, NULL, '081757673177', 'Lobar', '2019-12-05 00:08:10', '2019-12-05 00:08:10'),
(135, 1, 'C1G113052', 'Lalu Arif Rasudi', '1993-10-02', 1, 2, 1, 'unram', 1, 1, NULL, '082392233789', 'Penujak', '2019-12-08 23:46:47', '2019-12-08 23:46:47'),
(136, 1, 'C1G113098', 'Saefudin', '1993-11-10', 1, 2, 1, 'unram', 1, 1, NULL, '085338771820', 'Sembalun', '2019-12-08 23:49:25', '2019-12-08 23:49:25'),
(137, 1, 'C1G113092', 'Rebun', '1992-07-17', 1, 2, 1, 'unram', 1, 1, NULL, '087866166606', 'Kidang', '2019-12-08 23:51:59', '2019-12-08 23:51:59'),
(138, 1, 'C1G113108', 'Janu Suhamla', '1994-03-01', 1, 2, 1, 'unram', 1, 1, NULL, '085238470513', 'Sengkol', '2019-12-08 23:57:25', '2019-12-08 23:57:25'),
(139, 1, 'L1A016049', 'Luh Hana Justisiasih', '1998-10-21', 2, 2, 1, 'unram', 1, 1, NULL, '085253899106', 'Pajang', '2019-12-09 00:03:06', '2019-12-09 00:03:06'),
(140, 1, 'C1M017077', 'Maesarah', '1998-05-14', 2, 2, 1, 'unram', 1, 1, NULL, '082340013814', 'Gerung', '2019-12-09 00:08:15', '2019-12-09 00:08:15'),
(141, 1, 'I6I09020', 'I Wayan Mesan Madana', '1996-03-01', 1, 2, 1, 'unram', 1, 1, NULL, '081399978456', 'Lobar', '2019-12-10 23:35:58', '2019-12-10 23:35:58'),
(142, 1, 'G1A015020', 'Ni Negah Sri Eni', '1996-10-29', 2, 2, 1, 'unram', 1, 1, NULL, '081998910897', 'Lobar', '2019-12-10 23:38:25', '2019-12-10 23:38:25'),
(143, 1, 'L1G113071', 'Muhammad Benuli', '1994-07-11', 1, 2, 1, 'unram', 1, 1, NULL, '082339162675', 'Lobar', '2019-12-10 23:41:14', '2019-12-10 23:41:14'),
(144, 1, 'C1G114034', 'Erli Yulianti', '1993-12-11', 2, 2, 1, 'unram', 1, 1, NULL, '082339094274', 'Mataram', '2019-12-10 23:44:30', '2019-12-10 23:44:30'),
(145, 1, 'C1G115139', 'Sri Kurniawati Ningsi', '1997-11-04', 2, 2, 1, 'unram', 1, 1, NULL, '085338875548', 'Mataram', '2019-12-10 23:47:31', '2019-12-10 23:47:31'),
(146, 1, 'C1G016153', 'Ni Putu Wulandari', '1998-03-29', 2, 2, 1, 'unram', 1, 1, NULL, '089832418956', 'Mataram', '2019-12-10 23:49:44', '2019-12-10 23:49:44'),
(147, 1, 'C1G016151', 'Ni Ketut Sri Pujasai', '1998-01-05', 2, 2, 1, 'unram', 1, 1, NULL, '085205842646', 'Pasutan', '2019-12-10 23:52:31', '2019-12-10 23:52:31'),
(148, 1, 'C1G013045', 'DSK Putu Rizki Wunantini', '1999-06-22', 2, 2, 1, 'unram', 1, 1, NULL, '081918744365', 'Mataram', '2019-12-10 23:55:51', '2019-12-10 23:55:51'),
(149, 1, 'C1G017153', 'Ni Luh Sulitta BVA', '1996-11-15', 2, 2, 1, 'unram', 1, 1, NULL, '081907961014', 'Monjok', '2019-12-10 23:58:35', '2019-12-10 23:58:35'),
(150, 1, 'C1G016029', 'BQ. Septi Wulan Suartika', '1998-09-29', 2, 2, 1, 'unram', 1, 1, NULL, '087765589900', 'Jl. Arya Banjar Getas BTN Ampenan', '2019-12-11 23:32:31', '2019-12-11 23:32:31'),
(151, 1, 'A1A015089', 'Novita Ayu', '1997-11-19', 2, 2, 1, 'unram', 1, 1, NULL, '083129106243', 'Seganteng', '2019-12-11 23:35:22', '2019-12-11 23:35:22'),
(152, 1, 'L1A015040', 'Suspiati', '1996-09-18', 2, 2, 1, 'unram', 1, 1, NULL, '082359141169', 'Kakalik Jaya', '2019-12-11 23:41:08', '2019-12-11 23:41:08'),
(153, 99, '15036', 'Kristina', '1994-12-13', 2, 2, 1, 'unram', 1, 2, NULL, '085205693127', 'Pejanggik', '2019-12-11 23:45:26', '2019-12-11 23:45:26'),
(154, 1, 'C1G115050', 'Hairul Roziki', '1997-05-29', 1, 2, 1, 'unram', 1, 1, NULL, '082339271112', 'Barejulat', '2019-12-11 23:49:25', '2019-12-11 23:49:25'),
(155, 99, '1503192056', 'L. Mirpan Syarip', '1997-01-29', 1, 2, 1, 'unram', 1, 1, NULL, '082339404859', 'Prapak', '2019-12-11 23:53:10', '2019-12-11 23:53:10'),
(156, 1, 'A1B015083', 'Merlin', '1996-08-10', 2, 2, 1, 'unram', 1, 1, NULL, '082340999292', 'Jl. Panji Tilar Negara NO. 100 A', '2019-12-11 23:56:14', '2019-12-11 23:56:14'),
(157, 1, 'A1B015045', 'Hefi Suryadi', '1996-02-05', 1, 2, 1, 'unram', 1, 1, NULL, '083129503805', 'Lingsar Kab Lobar', '2019-12-11 23:58:57', '2019-12-11 23:58:57'),
(158, 2, '52060310022731002', 'Muhammad Badar', '1973-02-10', 1, 2, 1, 'unram', 1, 1, NULL, '085239557075', 'Bima', '2019-12-12 00:03:08', '2019-12-12 00:03:08'),
(159, 2, '5271044404930002', 'Nathea Citra Suri D.P', '1993-04-04', 2, 2, 1, 'unram', 1, 1, NULL, '082339405482', 'Mataram', '2019-12-12 23:35:17', '2019-12-12 23:35:17'),
(160, 1, 'A1A015047', 'I Gusti Made Wisnu', '1997-04-02', 1, 2, 1, 'unram', 1, 1, NULL, '082339592431', 'BTN', '2019-12-13 00:49:26', '2019-12-13 00:49:26'),
(161, 1, 'A1A015007', 'Aldi Hasan', '1995-07-12', 1, 2, 1, 'unram', 1, 1, NULL, '085337559009', 'Kediri', '2019-12-13 00:51:36', '2019-12-13 00:51:36'),
(162, 1, 'A1A015116', 'Rohana', '1996-11-20', 2, 2, 1, 'unram', 1, 1, NULL, '082341873133', 'Praya', '2019-12-13 00:53:45', '2019-12-13 00:53:45'),
(163, 1, 'A1A015134', 'Susi Seftiyani Ulfa', '1997-09-19', 2, 2, 1, 'unram', 1, 1, NULL, '085237581637', 'Praya', '2019-12-13 00:56:20', '2019-12-13 00:56:20'),
(164, 1, 'A1A015133', 'Suryani Peratiwi', '1997-06-10', 2, 2, 1, 'unram', 1, 1, NULL, '085954476842', 'Selong', '2019-12-13 01:03:37', '2019-12-13 01:03:37'),
(165, 1, 'G1D015027', 'Moudy Puspita Ayudhiati', '1997-09-11', 2, 2, 1, 'unram', 1, 1, NULL, '081237497287', 'Kekalik', '2019-12-13 01:09:17', '2019-12-13 01:09:17');

-- --------------------------------------------------------

--
-- Table structure for table `mwarga`
--

CREATE TABLE `mwarga` (
  `id` smallint(5) UNSIGNED NOT NULL,
  `nama` varchar(50) COLLATE utf8mb4_unicode_ci NOT NULL,
  `flag` tinyint(4) NOT NULL DEFAULT 1
) ENGINE=InnoDB DEFAULT CHARSET=utf8mb4 COLLATE=utf8mb4_unicode_ci;

--
-- Dumping data for table `mwarga`
--

INSERT INTO `mwarga` (`id`, `nama`, `flag`) VALUES
(1, 'Indonesia', 1),
(2, 'Jepang', 1),
(3, 'Amerika Serikat', 1),
(4, 'Malaysia', 1),
(5, 'Australia', 1),
(6, 'Cina', 1),
(7, 'India', 1),
(8, 'Lainnya', 1);

-- --------------------------------------------------------

--
-- Table structure for table `password_resets`
--

CREATE TABLE `password_resets` (
  `email` varchar(191) COLLATE utf8mb4_unicode_ci NOT NULL,
  `token` varchar(191) COLLATE utf8mb4_unicode_ci NOT NULL,
  `created_at` timestamp NULL DEFAULT NULL
) ENGINE=InnoDB DEFAULT CHARSET=utf8mb4 COLLATE=utf8mb4_unicode_ci;

-- --------------------------------------------------------

--
-- Table structure for table `pst_layanan`
--

CREATE TABLE `pst_layanan` (
  `id` bigint(20) UNSIGNED NOT NULL,
  `kunjungan_id` bigint(20) UNSIGNED NOT NULL,
  `layanan_id` tinyint(3) UNSIGNED NOT NULL,
  `layanan_nama` varchar(100) COLLATE utf8mb4_unicode_ci NOT NULL,
  `created_at` timestamp NULL DEFAULT NULL,
  `updated_at` timestamp NULL DEFAULT NULL
) ENGINE=InnoDB DEFAULT CHARSET=utf8mb4 COLLATE=utf8mb4_unicode_ci;

--
-- Dumping data for table `pst_layanan`
--

INSERT INTO `pst_layanan` (`id`, `kunjungan_id`, `layanan_id`, `layanan_nama`, `created_at`, `updated_at`) VALUES
(1, 1, 1, 'Pustaka Tercetak', '2019-11-20 04:26:59', '2019-11-20 04:26:59'),
(2, 1, 2, 'Pustaka Digital', '2019-11-20 04:27:00', '2019-11-20 04:27:00'),
(3, 2, 1, 'Pustaka Tercetak', '2019-11-20 04:31:52', '2019-11-20 04:31:52'),
(4, 2, 2, 'Pustaka Digital', '2019-11-20 04:31:52', '2019-11-20 04:31:52'),
(5, 3, 1, 'Pustaka Tercetak', '2019-11-20 04:37:31', '2019-11-20 04:37:31'),
(6, 3, 2, 'Pustaka Digital', '2019-11-20 04:37:31', '2019-11-20 04:37:31'),
(7, 4, 1, 'Pustaka Tercetak', '2019-11-20 04:42:13', '2019-11-20 04:42:13'),
(8, 4, 2, 'Pustaka Digital', '2019-11-20 04:42:14', '2019-11-20 04:42:14'),
(9, 5, 1, 'Pustaka Tercetak', '2019-11-20 04:47:27', '2019-11-20 04:47:27'),
(10, 5, 2, 'Pustaka Digital', '2019-11-20 04:47:27', '2019-11-20 04:47:27'),
(11, 6, 1, 'Pustaka Tercetak', '2019-11-20 04:54:19', '2019-11-20 04:54:19'),
(12, 6, 2, 'Pustaka Digital', '2019-11-20 04:54:19', '2019-11-20 04:54:19'),
(13, 7, 1, 'Pustaka Tercetak', '2019-11-20 05:01:49', '2019-11-20 05:01:49'),
(14, 7, 2, 'Pustaka Digital', '2019-11-20 05:01:49', '2019-11-20 05:01:49'),
(15, 8, 1, 'Pustaka Tercetak', '2019-11-20 05:06:00', '2019-11-20 05:06:00'),
(16, 8, 2, 'Pustaka Digital', '2019-11-20 05:06:00', '2019-11-20 05:06:00'),
(17, 9, 1, 'Pustaka Tercetak', '2019-11-20 06:29:03', '2019-11-20 06:29:03'),
(18, 9, 2, 'Pustaka Digital', '2019-11-20 06:29:03', '2019-11-20 06:29:03'),
(19, 10, 1, 'Pustaka Tercetak', '2019-11-20 07:17:06', '2019-11-20 07:17:06'),
(20, 10, 2, 'Pustaka Digital', '2019-11-20 07:17:06', '2019-11-20 07:17:06'),
(21, 11, 1, 'Pustaka Tercetak', '2019-11-20 07:21:19', '2019-11-20 07:21:19'),
(22, 11, 2, 'Pustaka Digital', '2019-11-20 07:21:19', '2019-11-20 07:21:19'),
(23, 12, 1, 'Pustaka Tercetak', '2019-11-20 07:36:18', '2019-11-20 07:36:18'),
(24, 12, 2, 'Pustaka Digital', '2019-11-20 07:36:18', '2019-11-20 07:36:18'),
(25, 13, 1, 'Pustaka Tercetak', '2019-11-20 07:54:58', '2019-11-20 07:54:58'),
(26, 13, 2, 'Pustaka Digital', '2019-11-20 07:54:58', '2019-11-20 07:54:58'),
(27, 14, 1, 'Pustaka Tercetak', '2019-11-20 07:58:36', '2019-11-20 07:58:36'),
(28, 14, 2, 'Pustaka Digital', '2019-11-20 07:58:36', '2019-11-20 07:58:36'),
(29, 15, 1, 'Pustaka Tercetak', '2019-11-20 08:01:53', '2019-11-20 08:01:53'),
(30, 15, 2, 'Pustaka Digital', '2019-11-20 08:01:53', '2019-11-20 08:01:53'),
(31, 16, 1, 'Pustaka Tercetak', '2019-11-20 08:04:39', '2019-11-20 08:04:39'),
(32, 16, 2, 'Pustaka Digital', '2019-11-20 08:04:39', '2019-11-20 08:04:39'),
(33, 17, 1, 'Pustaka Tercetak', '2019-11-20 08:07:27', '2019-11-20 08:07:27'),
(34, 17, 2, 'Pustaka Digital', '2019-11-20 08:07:27', '2019-11-20 08:07:27'),
(35, 18, 1, 'Pustaka Tercetak', '2019-11-21 23:37:45', '2019-11-21 23:37:45'),
(36, 18, 2, 'Pustaka Digital', '2019-11-21 23:37:45', '2019-11-21 23:37:45'),
(37, 19, 1, 'Pustaka Tercetak', '2019-11-21 23:42:00', '2019-11-21 23:42:00'),
(38, 19, 2, 'Pustaka Digital', '2019-11-21 23:42:00', '2019-11-21 23:42:00'),
(39, 20, 1, 'Pustaka Tercetak', '2019-11-21 23:45:27', '2019-11-21 23:45:27'),
(40, 20, 2, 'Pustaka Digital', '2019-11-21 23:45:27', '2019-11-21 23:45:27'),
(41, 21, 1, 'Pustaka Tercetak', '2019-11-21 23:48:45', '2019-11-21 23:48:45'),
(42, 21, 2, 'Pustaka Digital', '2019-11-21 23:48:45', '2019-11-21 23:48:45'),
(43, 22, 1, 'Pustaka Tercetak', '2019-11-21 23:52:30', '2019-11-21 23:52:30'),
(44, 22, 2, 'Pustaka Digital', '2019-11-21 23:52:31', '2019-11-21 23:52:31'),
(45, 23, 1, 'Pustaka Tercetak', '2019-11-21 23:54:06', '2019-11-21 23:54:06'),
(46, 23, 2, 'Pustaka Digital', '2019-11-21 23:54:06', '2019-11-21 23:54:06'),
(47, 24, 1, 'Pustaka Tercetak', '2019-11-21 23:58:31', '2019-11-21 23:58:31'),
(48, 24, 2, 'Pustaka Digital', '2019-11-21 23:58:31', '2019-11-21 23:58:31'),
(49, 25, 1, 'Pustaka Tercetak', '2019-11-22 00:08:49', '2019-11-22 00:08:49'),
(50, 25, 2, 'Pustaka Digital', '2019-11-22 00:08:49', '2019-11-22 00:08:49'),
(51, 26, 1, 'Pustaka Tercetak', '2019-11-22 00:11:37', '2019-11-22 00:11:37'),
(52, 26, 2, 'Pustaka Digital', '2019-11-22 00:11:37', '2019-11-22 00:11:37'),
(53, 27, 1, 'Pustaka Tercetak', '2019-11-22 00:13:40', '2019-11-22 00:13:40'),
(54, 27, 2, 'Pustaka Digital', '2019-11-22 00:13:40', '2019-11-22 00:13:40'),
(55, 28, 1, 'Pustaka Tercetak', '2019-11-22 00:16:44', '2019-11-22 00:16:44'),
(56, 28, 2, 'Pustaka Digital', '2019-11-22 00:16:44', '2019-11-22 00:16:44'),
(57, 29, 1, 'Pustaka Tercetak', '2019-11-26 03:35:25', '2019-11-26 03:35:25'),
(58, 29, 2, 'Pustaka Digital', '2019-11-26 03:35:25', '2019-11-26 03:35:25'),
(59, 30, 1, 'Pustaka Tercetak', '2019-11-26 03:37:36', '2019-11-26 03:37:36'),
(60, 30, 2, 'Pustaka Digital', '2019-11-26 03:37:36', '2019-11-26 03:37:36'),
(61, 31, 1, 'Pustaka Tercetak', '2019-11-26 03:40:38', '2019-11-26 03:40:38'),
(62, 31, 2, 'Pustaka Digital', '2019-11-26 03:40:39', '2019-11-26 03:40:39'),
(63, 32, 1, 'Pustaka Tercetak', '2019-11-26 03:44:38', '2019-11-26 03:44:38'),
(64, 32, 2, 'Pustaka Digital', '2019-11-26 03:44:38', '2019-11-26 03:44:38'),
(65, 33, 1, 'Pustaka Tercetak', '2019-11-26 03:47:20', '2019-11-26 03:47:20'),
(66, 33, 2, 'Pustaka Digital', '2019-11-26 03:47:20', '2019-11-26 03:47:20'),
(67, 34, 1, 'Pustaka Tercetak', '2019-11-26 03:50:50', '2019-11-26 03:50:50'),
(68, 34, 2, 'Pustaka Digital', '2019-11-26 03:50:50', '2019-11-26 03:50:50'),
(69, 35, 1, 'Pustaka Tercetak', '2019-11-26 03:54:43', '2019-11-26 03:54:43'),
(70, 35, 2, 'Pustaka Digital', '2019-11-26 03:54:43', '2019-11-26 03:54:43'),
(71, 36, 1, 'Pustaka Tercetak', '2019-11-26 04:00:41', '2019-11-26 04:00:41'),
(72, 36, 2, 'Pustaka Digital', '2019-11-26 04:00:41', '2019-11-26 04:00:41'),
(73, 37, 1, 'Pustaka Tercetak', '2019-11-26 04:06:41', '2019-11-26 04:06:41'),
(74, 37, 2, 'Pustaka Digital', '2019-11-26 04:06:41', '2019-11-26 04:06:41'),
(75, 38, 1, 'Pustaka Tercetak', '2019-11-26 04:09:30', '2019-11-26 04:09:30'),
(76, 38, 2, 'Pustaka Digital', '2019-11-26 04:09:30', '2019-11-26 04:09:30'),
(77, 39, 1, 'Pustaka Tercetak', '2019-11-26 05:22:47', '2019-11-26 05:22:47'),
(78, 39, 2, 'Pustaka Digital', '2019-11-26 05:22:48', '2019-11-26 05:22:48'),
(79, 40, 1, 'Pustaka Tercetak', '2019-11-26 05:26:54', '2019-11-26 05:26:54'),
(80, 40, 2, 'Pustaka Digital', '2019-11-26 05:26:54', '2019-11-26 05:26:54'),
(81, 41, 1, 'Pustaka Tercetak', '2019-11-26 23:31:29', '2019-11-26 23:31:29'),
(82, 41, 2, 'Pustaka Digital', '2019-11-26 23:31:29', '2019-11-26 23:31:29'),
(83, 42, 1, 'Pustaka Tercetak', '2019-11-26 23:36:55', '2019-11-26 23:36:55'),
(84, 42, 2, 'Pustaka Digital', '2019-11-26 23:36:55', '2019-11-26 23:36:55'),
(85, 43, 1, 'Pustaka Tercetak', '2019-11-26 23:39:39', '2019-11-26 23:39:39'),
(86, 43, 2, 'Pustaka Digital', '2019-11-26 23:39:39', '2019-11-26 23:39:39'),
(87, 44, 1, 'Pustaka Tercetak', '2019-11-26 23:42:48', '2019-11-26 23:42:48'),
(88, 44, 2, 'Pustaka Digital', '2019-11-26 23:42:48', '2019-11-26 23:42:48'),
(89, 45, 1, 'Pustaka Tercetak', '2019-11-26 23:45:53', '2019-11-26 23:45:53'),
(90, 45, 2, 'Pustaka Digital', '2019-11-26 23:45:53', '2019-11-26 23:45:53'),
(91, 46, 1, 'Pustaka Tercetak', '2019-11-26 23:49:32', '2019-11-26 23:49:32'),
(92, 46, 2, 'Pustaka Digital', '2019-11-26 23:49:32', '2019-11-26 23:49:32'),
(93, 47, 1, 'Pustaka Tercetak', '2019-11-26 23:52:34', '2019-11-26 23:52:34'),
(94, 47, 2, 'Pustaka Digital', '2019-11-26 23:52:34', '2019-11-26 23:52:34'),
(95, 48, 1, 'Pustaka Tercetak', '2019-11-26 23:54:58', '2019-11-26 23:54:58'),
(96, 48, 2, 'Pustaka Digital', '2019-11-26 23:54:58', '2019-11-26 23:54:58'),
(97, 49, 1, 'Pustaka Tercetak', '2019-11-26 23:58:13', '2019-11-26 23:58:13'),
(98, 49, 2, 'Pustaka Digital', '2019-11-26 23:58:13', '2019-11-26 23:58:13'),
(99, 50, 1, 'Pustaka Tercetak', '2019-11-27 00:01:09', '2019-11-27 00:01:09'),
(100, 50, 2, 'Pustaka Digital', '2019-11-27 00:01:09', '2019-11-27 00:01:09'),
(101, 51, 1, 'Pustaka Tercetak', '2019-11-27 06:24:20', '2019-11-27 06:24:20'),
(102, 51, 2, 'Pustaka Digital', '2019-11-27 06:24:20', '2019-11-27 06:24:20'),
(103, 52, 1, 'Pustaka Tercetak', '2019-11-27 06:28:39', '2019-11-27 06:28:39'),
(104, 52, 2, 'Pustaka Digital', '2019-11-27 06:28:39', '2019-11-27 06:28:39'),
(105, 53, 1, 'Pustaka Tercetak', '2019-11-27 23:19:04', '2019-11-27 23:19:04'),
(106, 53, 2, 'Pustaka Digital', '2019-11-27 23:19:04', '2019-11-27 23:19:04'),
(107, 54, 1, 'Pustaka Tercetak', '2019-11-27 23:23:46', '2019-11-27 23:23:46'),
(108, 54, 2, 'Pustaka Digital', '2019-11-27 23:23:46', '2019-11-27 23:23:46'),
(109, 55, 1, 'Pustaka Tercetak', '2019-11-27 23:28:35', '2019-11-27 23:28:35'),
(110, 55, 2, 'Pustaka Digital', '2019-11-27 23:28:35', '2019-11-27 23:28:35'),
(111, 56, 1, 'Pustaka Tercetak', '2019-11-27 23:31:05', '2019-11-27 23:31:05'),
(112, 56, 2, 'Pustaka Digital', '2019-11-27 23:31:06', '2019-11-27 23:31:06'),
(113, 57, 1, 'Pustaka Tercetak', '2019-11-27 23:35:11', '2019-11-27 23:35:11'),
(114, 57, 2, 'Pustaka Digital', '2019-11-27 23:35:11', '2019-11-27 23:35:11'),
(115, 58, 1, 'Pustaka Tercetak', '2019-11-27 23:37:40', '2019-11-27 23:37:40'),
(116, 58, 2, 'Pustaka Digital', '2019-11-27 23:37:40', '2019-11-27 23:37:40'),
(117, 59, 1, 'Pustaka Tercetak', '2019-11-27 23:41:11', '2019-11-27 23:41:11'),
(118, 59, 2, 'Pustaka Digital', '2019-11-27 23:41:11', '2019-11-27 23:41:11'),
(119, 60, 1, 'Pustaka Tercetak', '2019-11-27 23:42:45', '2019-11-27 23:42:45'),
(120, 60, 2, 'Pustaka Digital', '2019-11-27 23:42:45', '2019-11-27 23:42:45'),
(121, 61, 1, 'Pustaka Tercetak', '2019-11-27 23:45:55', '2019-11-27 23:45:55'),
(122, 61, 2, 'Pustaka Digital', '2019-11-27 23:45:55', '2019-11-27 23:45:55'),
(123, 62, 1, 'Pustaka Tercetak', '2019-11-27 23:48:39', '2019-11-27 23:48:39'),
(124, 62, 2, 'Pustaka Digital', '2019-11-27 23:48:39', '2019-11-27 23:48:39'),
(125, 63, 1, 'Pustaka Tercetak', '2019-11-27 23:53:02', '2019-11-27 23:53:02'),
(126, 63, 2, 'Pustaka Digital', '2019-11-27 23:53:02', '2019-11-27 23:53:02'),
(127, 64, 1, 'Pustaka Tercetak', '2019-11-27 23:56:02', '2019-11-27 23:56:02'),
(128, 64, 2, 'Pustaka Digital', '2019-11-27 23:56:02', '2019-11-27 23:56:02'),
(129, 65, 1, 'Pustaka Tercetak', '2019-11-27 23:58:29', '2019-11-27 23:58:29'),
(130, 65, 2, 'Pustaka Digital', '2019-11-27 23:58:29', '2019-11-27 23:58:29'),
(131, 66, 1, 'Pustaka Tercetak', '2019-11-28 23:34:42', '2019-11-28 23:34:42'),
(132, 66, 2, 'Pustaka Digital', '2019-11-28 23:34:42', '2019-11-28 23:34:42'),
(133, 67, 1, 'Pustaka Tercetak', '2019-11-28 23:38:56', '2019-11-28 23:38:56'),
(134, 67, 2, 'Pustaka Digital', '2019-11-28 23:38:56', '2019-11-28 23:38:56'),
(135, 68, 1, 'Pustaka Tercetak', '2019-11-28 23:41:46', '2019-11-28 23:41:46'),
(136, 68, 2, 'Pustaka Digital', '2019-11-28 23:41:46', '2019-11-28 23:41:46'),
(137, 69, 1, 'Pustaka Tercetak', '2019-11-28 23:44:23', '2019-11-28 23:44:23'),
(138, 69, 2, 'Pustaka Digital', '2019-11-28 23:44:23', '2019-11-28 23:44:23'),
(139, 70, 1, 'Pustaka Tercetak', '2019-11-28 23:47:24', '2019-11-28 23:47:24'),
(140, 70, 2, 'Pustaka Digital', '2019-11-28 23:47:24', '2019-11-28 23:47:24'),
(141, 71, 1, 'Pustaka Tercetak', '2019-11-28 23:50:32', '2019-11-28 23:50:32'),
(142, 71, 2, 'Pustaka Digital', '2019-11-28 23:50:32', '2019-11-28 23:50:32'),
(143, 72, 1, 'Pustaka Tercetak', '2019-11-28 23:55:32', '2019-11-28 23:55:32'),
(144, 72, 2, 'Pustaka Digital', '2019-11-28 23:55:32', '2019-11-28 23:55:32'),
(145, 73, 1, 'Pustaka Tercetak', '2019-11-28 23:57:56', '2019-11-28 23:57:56'),
(146, 73, 2, 'Pustaka Digital', '2019-11-28 23:57:57', '2019-11-28 23:57:57'),
(147, 74, 1, 'Pustaka Tercetak', '2019-11-29 00:00:18', '2019-11-29 00:00:18'),
(148, 74, 2, 'Pustaka Digital', '2019-11-29 00:00:18', '2019-11-29 00:00:18'),
(149, 75, 1, 'Pustaka Tercetak', '2019-11-29 00:02:33', '2019-11-29 00:02:33'),
(150, 75, 2, 'Pustaka Digital', '2019-11-29 00:02:33', '2019-11-29 00:02:33'),
(151, 76, 1, 'Pustaka Tercetak', '2019-11-29 00:06:04', '2019-11-29 00:06:04'),
(152, 76, 2, 'Pustaka Digital', '2019-11-29 00:06:04', '2019-11-29 00:06:04'),
(153, 77, 1, 'Pustaka Tercetak', '2019-11-29 00:10:02', '2019-11-29 00:10:02'),
(154, 77, 2, 'Pustaka Digital', '2019-11-29 00:10:02', '2019-11-29 00:10:02'),
(155, 78, 1, 'Pustaka Tercetak', '2019-11-29 00:13:27', '2019-11-29 00:13:27'),
(156, 78, 2, 'Pustaka Digital', '2019-11-29 00:13:27', '2019-11-29 00:13:27'),
(157, 79, 1, 'Pustaka Tercetak', '2019-11-29 00:31:20', '2019-11-29 00:31:20'),
(158, 79, 2, 'Pustaka Digital', '2019-11-29 00:31:20', '2019-11-29 00:31:20'),
(159, 80, 1, 'Pustaka Tercetak', '2019-11-29 00:34:02', '2019-11-29 00:34:02'),
(160, 80, 2, 'Pustaka Digital', '2019-11-29 00:34:02', '2019-11-29 00:34:02'),
(161, 81, 1, 'Pustaka Tercetak', '2019-11-29 00:36:41', '2019-11-29 00:36:41'),
(162, 81, 2, 'Pustaka Digital', '2019-11-29 00:36:41', '2019-11-29 00:36:41'),
(163, 82, 1, 'Pustaka Tercetak', '2019-11-29 00:39:16', '2019-11-29 00:39:16'),
(164, 82, 2, 'Pustaka Digital', '2019-11-29 00:39:16', '2019-11-29 00:39:16'),
(165, 83, 1, 'Pustaka Tercetak', '2019-11-29 00:41:46', '2019-11-29 00:41:46'),
(166, 83, 2, 'Pustaka Digital', '2019-11-29 00:41:46', '2019-11-29 00:41:46'),
(167, 84, 1, 'Pustaka Tercetak', '2019-11-29 00:44:13', '2019-11-29 00:44:13'),
(168, 84, 2, 'Pustaka Digital', '2019-11-29 00:44:13', '2019-11-29 00:44:13'),
(169, 85, 1, 'Pustaka Tercetak', '2019-11-29 00:46:39', '2019-11-29 00:46:39'),
(170, 85, 2, 'Pustaka Digital', '2019-11-29 00:46:39', '2019-11-29 00:46:39'),
(171, 86, 1, 'Pustaka Tercetak', '2019-11-29 06:25:53', '2019-11-29 06:25:53'),
(172, 86, 2, 'Pustaka Digital', '2019-11-29 06:25:54', '2019-11-29 06:25:54'),
(173, 87, 1, 'Pustaka Tercetak', '2019-11-29 06:29:19', '2019-11-29 06:29:19'),
(174, 87, 2, 'Pustaka Digital', '2019-11-29 06:29:19', '2019-11-29 06:29:19'),
(175, 88, 1, 'Pustaka Tercetak', '2019-11-29 06:30:19', '2019-11-29 06:30:19'),
(176, 88, 2, 'Pustaka Digital', '2019-11-29 06:30:19', '2019-11-29 06:30:19'),
(177, 89, 1, 'Pustaka Tercetak', '2019-11-29 06:33:01', '2019-11-29 06:33:01'),
(178, 89, 2, 'Pustaka Digital', '2019-11-29 06:33:01', '2019-11-29 06:33:01'),
(179, 90, 1, 'Pustaka Tercetak', '2019-11-29 06:35:35', '2019-11-29 06:35:35'),
(180, 90, 2, 'Pustaka Digital', '2019-11-29 06:35:35', '2019-11-29 06:35:35'),
(181, 91, 1, 'Pustaka Tercetak', '2019-11-29 06:39:02', '2019-11-29 06:39:02'),
(182, 91, 2, 'Pustaka Digital', '2019-11-29 06:39:03', '2019-11-29 06:39:03'),
(183, 92, 1, 'Pustaka Tercetak', '2019-11-29 06:41:19', '2019-11-29 06:41:19'),
(184, 92, 2, 'Pustaka Digital', '2019-11-29 06:41:19', '2019-11-29 06:41:19'),
(185, 93, 1, 'Pustaka Tercetak', '2019-11-29 06:44:06', '2019-11-29 06:44:06'),
(186, 93, 2, 'Pustaka Digital', '2019-11-29 06:44:06', '2019-11-29 06:44:06'),
(187, 94, 1, 'Pustaka Tercetak', '2019-11-29 06:47:02', '2019-11-29 06:47:02'),
(188, 94, 2, 'Pustaka Digital', '2019-11-29 06:47:02', '2019-11-29 06:47:02'),
(189, 95, 1, 'Pustaka Tercetak', '2019-11-29 06:50:07', '2019-11-29 06:50:07'),
(190, 95, 2, 'Pustaka Digital', '2019-11-29 06:50:07', '2019-11-29 06:50:07'),
(191, 96, 1, 'Pustaka Tercetak', '2019-11-29 06:52:51', '2019-11-29 06:52:51'),
(192, 96, 2, 'Pustaka Digital', '2019-11-29 06:52:51', '2019-11-29 06:52:51'),
(193, 97, 1, 'Pustaka Tercetak', '2019-11-29 06:55:20', '2019-11-29 06:55:20'),
(194, 97, 2, 'Pustaka Digital', '2019-11-29 06:55:20', '2019-11-29 06:55:20'),
(195, 98, 1, 'Pustaka Tercetak', '2019-11-29 06:56:51', '2019-11-29 06:56:51'),
(196, 98, 2, 'Pustaka Digital', '2019-11-29 06:56:51', '2019-11-29 06:56:51'),
(197, 99, 1, 'Pustaka Tercetak', '2019-11-29 06:59:51', '2019-11-29 06:59:51'),
(198, 99, 2, 'Pustaka Digital', '2019-11-29 06:59:51', '2019-11-29 06:59:51'),
(199, 100, 1, 'Pustaka Tercetak', '2019-11-29 07:02:06', '2019-11-29 07:02:06'),
(200, 100, 2, 'Pustaka Digital', '2019-11-29 07:02:06', '2019-11-29 07:02:06'),
(201, 101, 1, 'Pustaka Tercetak', '2019-11-29 07:04:54', '2019-11-29 07:04:54'),
(202, 101, 2, 'Pustaka Digital', '2019-11-29 07:04:54', '2019-11-29 07:04:54'),
(203, 102, 1, 'Pustaka Tercetak', '2019-12-01 23:31:09', '2019-12-01 23:31:09'),
(204, 102, 2, 'Pustaka Digital', '2019-12-01 23:31:09', '2019-12-01 23:31:09'),
(205, 103, 1, 'Pustaka Tercetak', '2019-12-01 23:34:51', '2019-12-01 23:34:51'),
(206, 103, 2, 'Pustaka Digital', '2019-12-01 23:34:51', '2019-12-01 23:34:51'),
(207, 104, 1, 'Pustaka Tercetak', '2019-12-01 23:43:11', '2019-12-01 23:43:11'),
(208, 104, 2, 'Pustaka Digital', '2019-12-01 23:43:11', '2019-12-01 23:43:11'),
(209, 105, 1, 'Pustaka Tercetak', '2019-12-01 23:45:04', '2019-12-01 23:45:04'),
(210, 105, 2, 'Pustaka Digital', '2019-12-01 23:45:04', '2019-12-01 23:45:04'),
(211, 106, 1, 'Pustaka Tercetak', '2019-12-01 23:48:55', '2019-12-01 23:48:55'),
(212, 106, 2, 'Pustaka Digital', '2019-12-01 23:48:55', '2019-12-01 23:48:55'),
(213, 107, 1, 'Pustaka Tercetak', '2019-12-01 23:52:56', '2019-12-01 23:52:56'),
(214, 107, 2, 'Pustaka Digital', '2019-12-01 23:52:56', '2019-12-01 23:52:56'),
(215, 108, 1, 'Pustaka Tercetak', '2019-12-01 23:56:51', '2019-12-01 23:56:51'),
(216, 108, 2, 'Pustaka Digital', '2019-12-01 23:56:51', '2019-12-01 23:56:51'),
(217, 109, 1, 'Pustaka Tercetak', '2019-12-02 00:01:02', '2019-12-02 00:01:02'),
(218, 109, 2, 'Pustaka Digital', '2019-12-02 00:01:02', '2019-12-02 00:01:02'),
(219, 110, 1, 'Pustaka Tercetak', '2019-12-02 00:03:39', '2019-12-02 00:03:39'),
(220, 110, 2, 'Pustaka Digital', '2019-12-02 00:03:39', '2019-12-02 00:03:39'),
(221, 111, 1, 'Pustaka Tercetak', '2019-12-02 00:07:12', '2019-12-02 00:07:12'),
(222, 111, 2, 'Pustaka Digital', '2019-12-02 00:07:12', '2019-12-02 00:07:12'),
(223, 112, 1, 'Pustaka Tercetak', '2019-12-02 00:09:49', '2019-12-02 00:09:49'),
(224, 112, 2, 'Pustaka Digital', '2019-12-02 00:09:49', '2019-12-02 00:09:49'),
(225, 113, 1, 'Pustaka Tercetak', '2019-12-02 00:13:54', '2019-12-02 00:13:54'),
(226, 113, 2, 'Pustaka Digital', '2019-12-02 00:13:54', '2019-12-02 00:13:54'),
(227, 114, 1, 'Pustaka Tercetak', '2019-12-02 00:18:05', '2019-12-02 00:18:05'),
(228, 114, 2, 'Pustaka Digital', '2019-12-02 00:18:05', '2019-12-02 00:18:05'),
(229, 115, 1, 'Pustaka Tercetak', '2019-12-02 00:20:43', '2019-12-02 00:20:43'),
(230, 115, 2, 'Pustaka Digital', '2019-12-02 00:20:43', '2019-12-02 00:20:43'),
(231, 116, 1, 'Pustaka Tercetak', '2019-12-02 00:24:38', '2019-12-02 00:24:38'),
(232, 116, 2, 'Pustaka Digital', '2019-12-02 00:24:38', '2019-12-02 00:24:38'),
(233, 117, 1, 'Pustaka Tercetak', '2019-12-02 00:27:35', '2019-12-02 00:27:35'),
(234, 117, 2, 'Pustaka Digital', '2019-12-02 00:27:35', '2019-12-02 00:27:35'),
(235, 118, 1, 'Pustaka Tercetak', '2019-12-02 00:30:36', '2019-12-02 00:30:36'),
(236, 118, 2, 'Pustaka Digital', '2019-12-02 00:30:36', '2019-12-02 00:30:36'),
(237, 119, 1, 'Pustaka Tercetak', '2019-12-02 00:35:50', '2019-12-02 00:35:50'),
(238, 119, 2, 'Pustaka Digital', '2019-12-02 00:35:51', '2019-12-02 00:35:51'),
(239, 120, 1, 'Pustaka Tercetak', '2019-12-02 00:38:24', '2019-12-02 00:38:24'),
(240, 120, 2, 'Pustaka Digital', '2019-12-02 00:38:24', '2019-12-02 00:38:24'),
(241, 121, 1, 'Pustaka Tercetak', '2019-12-02 00:41:13', '2019-12-02 00:41:13'),
(242, 121, 2, 'Pustaka Digital', '2019-12-02 00:41:13', '2019-12-02 00:41:13'),
(243, 123, 1, 'Pustaka Tercetak', '2019-12-02 23:20:51', '2019-12-02 23:20:51'),
(244, 123, 2, 'Pustaka Digital', '2019-12-02 23:20:51', '2019-12-02 23:20:51'),
(245, 124, 1, 'Pustaka Tercetak', '2019-12-02 23:24:55', '2019-12-02 23:24:55'),
(246, 124, 2, 'Pustaka Digital', '2019-12-02 23:24:55', '2019-12-02 23:24:55'),
(247, 125, 1, 'Pustaka Tercetak', '2019-12-02 23:28:31', '2019-12-02 23:28:31'),
(248, 125, 2, 'Pustaka Digital', '2019-12-02 23:28:31', '2019-12-02 23:28:31'),
(249, 126, 1, 'Pustaka Tercetak', '2019-12-02 23:31:26', '2019-12-02 23:31:26'),
(250, 126, 2, 'Pustaka Digital', '2019-12-02 23:31:26', '2019-12-02 23:31:26'),
(251, 127, 1, 'Pustaka Tercetak', '2019-12-02 23:34:29', '2019-12-02 23:34:29'),
(252, 127, 2, 'Pustaka Digital', '2019-12-02 23:34:29', '2019-12-02 23:34:29'),
(253, 128, 1, 'Pustaka Tercetak', '2019-12-02 23:37:27', '2019-12-02 23:37:27'),
(254, 128, 2, 'Pustaka Digital', '2019-12-02 23:37:27', '2019-12-02 23:37:27'),
(255, 129, 1, 'Pustaka Tercetak', '2019-12-02 23:40:27', '2019-12-02 23:40:27'),
(256, 129, 2, 'Pustaka Digital', '2019-12-02 23:40:27', '2019-12-02 23:40:27'),
(257, 130, 1, 'Pustaka Tercetak', '2019-12-02 23:44:01', '2019-12-02 23:44:01'),
(258, 130, 2, 'Pustaka Digital', '2019-12-02 23:44:01', '2019-12-02 23:44:01'),
(259, 131, 1, 'Pustaka Tercetak', '2019-12-02 23:47:18', '2019-12-02 23:47:18'),
(260, 131, 2, 'Pustaka Digital', '2019-12-02 23:47:19', '2019-12-02 23:47:19'),
(261, 132, 1, 'Pustaka Tercetak', '2019-12-03 23:56:22', '2019-12-03 23:56:22'),
(262, 132, 2, 'Pustaka Digital', '2019-12-03 23:56:22', '2019-12-03 23:56:22'),
(263, 133, 1, 'Pustaka Tercetak', '2019-12-03 23:59:54', '2019-12-03 23:59:54'),
(264, 133, 2, 'Pustaka Digital', '2019-12-03 23:59:54', '2019-12-03 23:59:54'),
(265, 134, 1, 'Pustaka Tercetak', '2019-12-04 00:04:33', '2019-12-04 00:04:33'),
(266, 134, 2, 'Pustaka Digital', '2019-12-04 00:04:33', '2019-12-04 00:04:33'),
(267, 135, 1, 'Pustaka Tercetak', '2019-12-04 00:09:05', '2019-12-04 00:09:05'),
(268, 135, 2, 'Pustaka Digital', '2019-12-04 00:09:05', '2019-12-04 00:09:05'),
(269, 136, 1, 'Pustaka Tercetak', '2019-12-04 00:14:19', '2019-12-04 00:14:19'),
(270, 136, 2, 'Pustaka Digital', '2019-12-04 00:14:19', '2019-12-04 00:14:19'),
(271, 137, 1, 'Pustaka Tercetak', '2019-12-04 00:16:14', '2019-12-04 00:16:14'),
(272, 137, 2, 'Pustaka Digital', '2019-12-04 00:16:14', '2019-12-04 00:16:14'),
(273, 138, 1, 'Pustaka Tercetak', '2019-12-04 00:20:28', '2019-12-04 00:20:28'),
(274, 138, 2, 'Pustaka Digital', '2019-12-04 00:20:28', '2019-12-04 00:20:28'),
(275, 139, 1, 'Pustaka Tercetak', '2019-12-04 04:08:40', '2019-12-04 04:08:40'),
(276, 139, 2, 'Pustaka Digital', '2019-12-04 04:08:40', '2019-12-04 04:08:40'),
(277, 140, 1, 'Pustaka Tercetak', '2019-12-04 23:32:39', '2019-12-04 23:32:39'),
(278, 140, 2, 'Pustaka Digital', '2019-12-04 23:32:40', '2019-12-04 23:32:40'),
(279, 141, 1, 'Pustaka Tercetak', '2019-12-04 23:38:34', '2019-12-04 23:38:34'),
(280, 141, 2, 'Pustaka Digital', '2019-12-04 23:38:34', '2019-12-04 23:38:34'),
(281, 142, 1, 'Pustaka Tercetak', '2019-12-04 23:41:15', '2019-12-04 23:41:15'),
(282, 142, 2, 'Pustaka Digital', '2019-12-04 23:41:15', '2019-12-04 23:41:15'),
(283, 143, 1, 'Pustaka Tercetak', '2019-12-04 23:54:55', '2019-12-04 23:54:55'),
(284, 143, 2, 'Pustaka Digital', '2019-12-04 23:54:55', '2019-12-04 23:54:55'),
(285, 144, 1, 'Pustaka Tercetak', '2019-12-04 23:58:34', '2019-12-04 23:58:34'),
(286, 144, 2, 'Pustaka Digital', '2019-12-04 23:58:34', '2019-12-04 23:58:34'),
(287, 145, 1, 'Pustaka Tercetak', '2019-12-05 00:01:31', '2019-12-05 00:01:31'),
(288, 145, 2, 'Pustaka Digital', '2019-12-05 00:01:31', '2019-12-05 00:01:31'),
(289, 146, 1, 'Pustaka Tercetak', '2019-12-05 00:04:53', '2019-12-05 00:04:53'),
(290, 146, 2, 'Pustaka Digital', '2019-12-05 00:04:53', '2019-12-05 00:04:53'),
(291, 147, 1, 'Pustaka Tercetak', '2019-12-05 00:08:10', '2019-12-05 00:08:10'),
(292, 147, 2, 'Pustaka Digital', '2019-12-05 00:08:10', '2019-12-05 00:08:10'),
(293, 148, 1, 'Pustaka Tercetak', '2019-12-05 00:09:15', '2019-12-05 00:09:15'),
(294, 148, 2, 'Pustaka Digital', '2019-12-05 00:09:15', '2019-12-05 00:09:15'),
(295, 149, 1, 'Pustaka Tercetak', '2019-12-08 23:46:47', '2019-12-08 23:46:47'),
(296, 149, 2, 'Pustaka Digital', '2019-12-08 23:46:47', '2019-12-08 23:46:47'),
(297, 150, 1, 'Pustaka Tercetak', '2019-12-08 23:49:25', '2019-12-08 23:49:25'),
(298, 150, 2, 'Pustaka Digital', '2019-12-08 23:49:25', '2019-12-08 23:49:25'),
(299, 151, 1, 'Pustaka Tercetak', '2019-12-08 23:51:59', '2019-12-08 23:51:59'),
(300, 151, 2, 'Pustaka Digital', '2019-12-08 23:51:59', '2019-12-08 23:51:59'),
(301, 152, 1, 'Pustaka Tercetak', '2019-12-08 23:57:25', '2019-12-08 23:57:25'),
(302, 152, 2, 'Pustaka Digital', '2019-12-08 23:57:26', '2019-12-08 23:57:26'),
(303, 153, 1, 'Pustaka Tercetak', '2019-12-09 00:03:07', '2019-12-09 00:03:07'),
(304, 153, 2, 'Pustaka Digital', '2019-12-09 00:03:07', '2019-12-09 00:03:07'),
(305, 154, 1, 'Pustaka Tercetak', '2019-12-09 00:08:15', '2019-12-09 00:08:15'),
(306, 154, 2, 'Pustaka Digital', '2019-12-09 00:08:15', '2019-12-09 00:08:15'),
(307, 155, 1, 'Pustaka Tercetak', '2019-12-10 23:35:58', '2019-12-10 23:35:58'),
(308, 155, 2, 'Pustaka Digital', '2019-12-10 23:35:58', '2019-12-10 23:35:58'),
(309, 156, 1, 'Pustaka Tercetak', '2019-12-10 23:38:25', '2019-12-10 23:38:25'),
(310, 156, 2, 'Pustaka Digital', '2019-12-10 23:38:25', '2019-12-10 23:38:25'),
(311, 157, 1, 'Pustaka Tercetak', '2019-12-10 23:41:14', '2019-12-10 23:41:14'),
(312, 157, 2, 'Pustaka Digital', '2019-12-10 23:41:14', '2019-12-10 23:41:14'),
(313, 158, 1, 'Pustaka Tercetak', '2019-12-10 23:44:30', '2019-12-10 23:44:30'),
(314, 158, 2, 'Pustaka Digital', '2019-12-10 23:44:30', '2019-12-10 23:44:30'),
(315, 159, 1, 'Pustaka Tercetak', '2019-12-10 23:47:31', '2019-12-10 23:47:31'),
(316, 159, 2, 'Pustaka Digital', '2019-12-10 23:47:31', '2019-12-10 23:47:31'),
(317, 160, 1, 'Pustaka Tercetak', '2019-12-10 23:49:44', '2019-12-10 23:49:44'),
(318, 160, 2, 'Pustaka Digital', '2019-12-10 23:49:44', '2019-12-10 23:49:44'),
(319, 161, 1, 'Pustaka Tercetak', '2019-12-10 23:52:31', '2019-12-10 23:52:31'),
(320, 161, 2, 'Pustaka Digital', '2019-12-10 23:52:31', '2019-12-10 23:52:31'),
(321, 162, 1, 'Pustaka Tercetak', '2019-12-10 23:55:51', '2019-12-10 23:55:51'),
(322, 162, 2, 'Pustaka Digital', '2019-12-10 23:55:51', '2019-12-10 23:55:51'),
(323, 163, 1, 'Pustaka Tercetak', '2019-12-10 23:58:35', '2019-12-10 23:58:35'),
(324, 163, 2, 'Pustaka Digital', '2019-12-10 23:58:35', '2019-12-10 23:58:35'),
(325, 164, 1, 'Pustaka Tercetak', '2019-12-11 00:17:34', '2019-12-11 00:17:34'),
(326, 164, 2, 'Pustaka Digital', '2019-12-11 00:17:34', '2019-12-11 00:17:34'),
(327, 165, 1, 'Pustaka Tercetak', '2019-12-11 23:29:05', '2019-12-11 23:29:05'),
(328, 165, 2, 'Pustaka Digital', '2019-12-11 23:29:05', '2019-12-11 23:29:05'),
(329, 166, 1, 'Pustaka Tercetak', '2019-12-11 23:32:31', '2019-12-11 23:32:31'),
(330, 166, 2, 'Pustaka Digital', '2019-12-11 23:32:31', '2019-12-11 23:32:31'),
(331, 167, 1, 'Pustaka Tercetak', '2019-12-11 23:35:22', '2019-12-11 23:35:22'),
(332, 167, 2, 'Pustaka Digital', '2019-12-11 23:35:22', '2019-12-11 23:35:22'),
(333, 168, 1, 'Pustaka Tercetak', '2019-12-11 23:37:02', '2019-12-11 23:37:02'),
(334, 168, 2, 'Pustaka Digital', '2019-12-11 23:37:02', '2019-12-11 23:37:02'),
(335, 169, 1, 'Pustaka Tercetak', '2019-12-11 23:38:17', '2019-12-11 23:38:17'),
(336, 169, 2, 'Pustaka Digital', '2019-12-11 23:38:17', '2019-12-11 23:38:17'),
(337, 170, 1, 'Pustaka Tercetak', '2019-12-11 23:41:08', '2019-12-11 23:41:08'),
(338, 170, 2, 'Pustaka Digital', '2019-12-11 23:41:08', '2019-12-11 23:41:08'),
(339, 171, 1, 'Pustaka Tercetak', '2019-12-11 23:45:26', '2019-12-11 23:45:26'),
(340, 171, 2, 'Pustaka Digital', '2019-12-11 23:45:26', '2019-12-11 23:45:26'),
(341, 172, 1, 'Pustaka Tercetak', '2019-12-11 23:46:50', '2019-12-11 23:46:50'),
(342, 172, 2, 'Pustaka Digital', '2019-12-11 23:46:50', '2019-12-11 23:46:50'),
(343, 173, 1, 'Pustaka Tercetak', '2019-12-11 23:49:25', '2019-12-11 23:49:25'),
(344, 173, 2, 'Pustaka Digital', '2019-12-11 23:49:25', '2019-12-11 23:49:25'),
(345, 174, 1, 'Pustaka Tercetak', '2019-12-11 23:53:10', '2019-12-11 23:53:10'),
(346, 174, 2, 'Pustaka Digital', '2019-12-11 23:53:10', '2019-12-11 23:53:10'),
(347, 175, 1, 'Pustaka Tercetak', '2019-12-11 23:56:15', '2019-12-11 23:56:15'),
(348, 175, 2, 'Pustaka Digital', '2019-12-11 23:56:15', '2019-12-11 23:56:15'),
(349, 176, 1, 'Pustaka Tercetak', '2019-12-11 23:58:57', '2019-12-11 23:58:57'),
(350, 176, 2, 'Pustaka Digital', '2019-12-11 23:58:57', '2019-12-11 23:58:57'),
(351, 177, 1, 'Pustaka Tercetak', '2019-12-12 00:00:46', '2019-12-12 00:00:46'),
(352, 177, 2, 'Pustaka Digital', '2019-12-12 00:00:46', '2019-12-12 00:00:46'),
(353, 178, 1, 'Pustaka Tercetak', '2019-12-12 00:03:08', '2019-12-12 00:03:08'),
(354, 178, 2, 'Pustaka Digital', '2019-12-12 00:03:08', '2019-12-12 00:03:08'),
(355, 179, 1, 'Pustaka Tercetak', '2019-12-12 23:35:17', '2019-12-12 23:35:17'),
(356, 179, 2, 'Pustaka Digital', '2019-12-12 23:35:17', '2019-12-12 23:35:17'),
(357, 180, 1, 'Pustaka Tercetak', '2019-12-13 00:49:26', '2019-12-13 00:49:26'),
(358, 180, 2, 'Pustaka Digital', '2019-12-13 00:49:26', '2019-12-13 00:49:26'),
(359, 181, 1, 'Pustaka Tercetak', '2019-12-13 00:51:36', '2019-12-13 00:51:36'),
(360, 181, 2, 'Pustaka Digital', '2019-12-13 00:51:36', '2019-12-13 00:51:36'),
(361, 182, 1, 'Pustaka Tercetak', '2019-12-13 00:53:45', '2019-12-13 00:53:45'),
(362, 182, 2, 'Pustaka Digital', '2019-12-13 00:53:45', '2019-12-13 00:53:45'),
(363, 183, 1, 'Pustaka Tercetak', '2019-12-13 00:56:20', '2019-12-13 00:56:20'),
(364, 183, 2, 'Pustaka Digital', '2019-12-13 00:56:20', '2019-12-13 00:56:20'),
(365, 184, 1, 'Pustaka Tercetak', '2019-12-13 01:03:37', '2019-12-13 01:03:37'),
(366, 184, 2, 'Pustaka Digital', '2019-12-13 01:03:37', '2019-12-13 01:03:37'),
(367, 185, 1, 'Pustaka Tercetak', '2019-12-13 01:09:17', '2019-12-13 01:09:17'),
(368, 185, 2, 'Pustaka Digital', '2019-12-13 01:09:17', '2019-12-13 01:09:17');

-- --------------------------------------------------------

--
-- Table structure for table `pst_manfaat`
--

CREATE TABLE `pst_manfaat` (
  `id` bigint(20) UNSIGNED NOT NULL,
  `kunjungan_id` bigint(20) UNSIGNED NOT NULL,
  `manfaat_id` tinyint(3) UNSIGNED NOT NULL,
  `manfaat_nama` varchar(100) COLLATE utf8mb4_unicode_ci NOT NULL,
  `created_at` timestamp NULL DEFAULT NULL,
  `updated_at` timestamp NULL DEFAULT NULL
) ENGINE=InnoDB DEFAULT CHARSET=utf8mb4 COLLATE=utf8mb4_unicode_ci;

--
-- Dumping data for table `pst_manfaat`
--

INSERT INTO `pst_manfaat` (`id`, `kunjungan_id`, `manfaat_id`, `manfaat_nama`, `created_at`, `updated_at`) VALUES
(1, 1, 1, 'Tugas Sekolah/Kuliah', '2019-11-20 04:27:00', '2019-11-20 04:27:00'),
(2, 2, 1, 'Tugas Sekolah/Kuliah', '2019-11-20 04:31:52', '2019-11-20 04:31:52'),
(3, 3, 1, 'Tugas Sekolah/Kuliah', '2019-11-20 04:37:31', '2019-11-20 04:37:31'),
(4, 4, 1, 'Tugas Sekolah/Kuliah', '2019-11-20 04:42:14', '2019-11-20 04:42:14'),
(5, 5, 1, 'Tugas Sekolah/Kuliah', '2019-11-20 04:47:27', '2019-11-20 04:47:27'),
(6, 6, 1, 'Tugas Sekolah/Kuliah', '2019-11-20 04:54:19', '2019-11-20 04:54:19'),
(7, 7, 1, 'Tugas Sekolah/Kuliah', '2019-11-20 05:01:49', '2019-11-20 05:01:49'),
(8, 8, 1, 'Tugas Sekolah/Kuliah', '2019-11-20 05:06:00', '2019-11-20 05:06:00'),
(9, 9, 1, 'Tugas Sekolah/Kuliah', '2019-11-20 06:29:03', '2019-11-20 06:29:03'),
(10, 10, 1, 'Tugas Sekolah/Kuliah', '2019-11-20 07:17:06', '2019-11-20 07:17:06'),
(11, 11, 1, 'Tugas Sekolah/Kuliah', '2019-11-20 07:21:19', '2019-11-20 07:21:19'),
(12, 12, 1, 'Tugas Sekolah/Kuliah', '2019-11-20 07:36:18', '2019-11-20 07:36:18'),
(13, 13, 1, 'Tugas Sekolah/Kuliah', '2019-11-20 07:54:58', '2019-11-20 07:54:58'),
(14, 14, 1, 'Tugas Sekolah/Kuliah', '2019-11-20 07:58:36', '2019-11-20 07:58:36'),
(15, 15, 1, 'Tugas Sekolah/Kuliah', '2019-11-20 08:01:53', '2019-11-20 08:01:53'),
(16, 16, 1, 'Tugas Sekolah/Kuliah', '2019-11-20 08:04:39', '2019-11-20 08:04:39'),
(17, 17, 1, 'Tugas Sekolah/Kuliah', '2019-11-20 08:07:27', '2019-11-20 08:07:27'),
(18, 18, 1, 'Tugas Sekolah/Kuliah', '2019-11-21 23:37:45', '2019-11-21 23:37:45'),
(19, 19, 1, 'Tugas Sekolah/Kuliah', '2019-11-21 23:42:01', '2019-11-21 23:42:01'),
(20, 20, 1, 'Tugas Sekolah/Kuliah', '2019-11-21 23:45:27', '2019-11-21 23:45:27'),
(21, 21, 1, 'Tugas Sekolah/Kuliah', '2019-11-21 23:48:45', '2019-11-21 23:48:45'),
(22, 22, 1, 'Tugas Sekolah/Kuliah', '2019-11-21 23:52:31', '2019-11-21 23:52:31'),
(23, 23, 1, 'Tugas Sekolah/Kuliah', '2019-11-21 23:54:06', '2019-11-21 23:54:06'),
(24, 24, 1, 'Tugas Sekolah/Kuliah', '2019-11-21 23:58:31', '2019-11-21 23:58:31'),
(25, 25, 1, 'Tugas Sekolah/Kuliah', '2019-11-22 00:08:49', '2019-11-22 00:08:49'),
(26, 26, 1, 'Tugas Sekolah/Kuliah', '2019-11-22 00:11:37', '2019-11-22 00:11:37'),
(27, 27, 1, 'Tugas Sekolah/Kuliah', '2019-11-22 00:13:40', '2019-11-22 00:13:40'),
(28, 28, 1, 'Tugas Sekolah/Kuliah', '2019-11-22 00:16:44', '2019-11-22 00:16:44'),
(29, 29, 1, 'Tugas Sekolah/Kuliah', '2019-11-26 03:35:25', '2019-11-26 03:35:25'),
(30, 30, 1, 'Tugas Sekolah/Kuliah', '2019-11-26 03:37:36', '2019-11-26 03:37:36'),
(31, 31, 1, 'Tugas Sekolah/Kuliah', '2019-11-26 03:40:39', '2019-11-26 03:40:39'),
(32, 32, 1, 'Tugas Sekolah/Kuliah', '2019-11-26 03:44:38', '2019-11-26 03:44:38'),
(33, 33, 1, 'Tugas Sekolah/Kuliah', '2019-11-26 03:47:20', '2019-11-26 03:47:20'),
(34, 34, 1, 'Tugas Sekolah/Kuliah', '2019-11-26 03:50:51', '2019-11-26 03:50:51'),
(35, 35, 1, 'Tugas Sekolah/Kuliah', '2019-11-26 03:54:43', '2019-11-26 03:54:43'),
(36, 36, 1, 'Tugas Sekolah/Kuliah', '2019-11-26 04:00:41', '2019-11-26 04:00:41'),
(37, 37, 1, 'Tugas Sekolah/Kuliah', '2019-11-26 04:06:42', '2019-11-26 04:06:42'),
(38, 38, 1, 'Tugas Sekolah/Kuliah', '2019-11-26 04:09:30', '2019-11-26 04:09:30'),
(39, 39, 1, 'Tugas Sekolah/Kuliah', '2019-11-26 05:22:48', '2019-11-26 05:22:48'),
(40, 40, 1, 'Tugas Sekolah/Kuliah', '2019-11-26 05:26:54', '2019-11-26 05:26:54'),
(41, 41, 1, 'Tugas Sekolah/Kuliah', '2019-11-26 23:31:29', '2019-11-26 23:31:29'),
(42, 42, 4, 'Penelitian', '2019-11-26 23:36:55', '2019-11-26 23:36:55'),
(43, 43, 1, 'Tugas Sekolah/Kuliah', '2019-11-26 23:39:40', '2019-11-26 23:39:40'),
(44, 44, 1, 'Tugas Sekolah/Kuliah', '2019-11-26 23:42:48', '2019-11-26 23:42:48'),
(45, 44, 2, 'Skripsi/Tesis/Disertasi', '2019-11-26 23:42:48', '2019-11-26 23:42:48'),
(46, 45, 1, 'Tugas Sekolah/Kuliah', '2019-11-26 23:45:53', '2019-11-26 23:45:53'),
(47, 45, 2, 'Skripsi/Tesis/Disertasi', '2019-11-26 23:45:53', '2019-11-26 23:45:53'),
(48, 46, 1, 'Tugas Sekolah/Kuliah', '2019-11-26 23:49:32', '2019-11-26 23:49:32'),
(49, 46, 2, 'Skripsi/Tesis/Disertasi', '2019-11-26 23:49:33', '2019-11-26 23:49:33'),
(50, 47, 1, 'Tugas Sekolah/Kuliah', '2019-11-26 23:52:34', '2019-11-26 23:52:34'),
(51, 47, 2, 'Skripsi/Tesis/Disertasi', '2019-11-26 23:52:34', '2019-11-26 23:52:34'),
(52, 48, 1, 'Tugas Sekolah/Kuliah', '2019-11-26 23:54:58', '2019-11-26 23:54:58'),
(53, 48, 2, 'Skripsi/Tesis/Disertasi', '2019-11-26 23:54:58', '2019-11-26 23:54:58'),
(54, 49, 1, 'Tugas Sekolah/Kuliah', '2019-11-26 23:58:13', '2019-11-26 23:58:13'),
(55, 50, 1, 'Tugas Sekolah/Kuliah', '2019-11-27 00:01:09', '2019-11-27 00:01:09'),
(56, 50, 2, 'Skripsi/Tesis/Disertasi', '2019-11-27 00:01:09', '2019-11-27 00:01:09'),
(57, 51, 1, 'Tugas Sekolah/Kuliah', '2019-11-27 06:24:20', '2019-11-27 06:24:20'),
(58, 51, 2, 'Skripsi/Tesis/Disertasi', '2019-11-27 06:24:20', '2019-11-27 06:24:20'),
(59, 52, 1, 'Tugas Sekolah/Kuliah', '2019-11-27 06:28:39', '2019-11-27 06:28:39'),
(60, 52, 2, 'Skripsi/Tesis/Disertasi', '2019-11-27 06:28:39', '2019-11-27 06:28:39'),
(61, 53, 1, 'Tugas Sekolah/Kuliah', '2019-11-27 23:19:04', '2019-11-27 23:19:04'),
(62, 54, 1, 'Tugas Sekolah/Kuliah', '2019-11-27 23:23:46', '2019-11-27 23:23:46'),
(63, 55, 1, 'Tugas Sekolah/Kuliah', '2019-11-27 23:28:35', '2019-11-27 23:28:35'),
(64, 55, 2, 'Skripsi/Tesis/Disertasi', '2019-11-27 23:28:35', '2019-11-27 23:28:35'),
(65, 56, 1, 'Tugas Sekolah/Kuliah', '2019-11-27 23:31:06', '2019-11-27 23:31:06'),
(66, 56, 2, 'Skripsi/Tesis/Disertasi', '2019-11-27 23:31:06', '2019-11-27 23:31:06'),
(67, 57, 1, 'Tugas Sekolah/Kuliah', '2019-11-27 23:35:11', '2019-11-27 23:35:11'),
(68, 57, 2, 'Skripsi/Tesis/Disertasi', '2019-11-27 23:35:11', '2019-11-27 23:35:11'),
(69, 58, 1, 'Tugas Sekolah/Kuliah', '2019-11-27 23:37:40', '2019-11-27 23:37:40'),
(70, 58, 2, 'Skripsi/Tesis/Disertasi', '2019-11-27 23:37:40', '2019-11-27 23:37:40'),
(71, 59, 1, 'Tugas Sekolah/Kuliah', '2019-11-27 23:41:11', '2019-11-27 23:41:11'),
(72, 59, 2, 'Skripsi/Tesis/Disertasi', '2019-11-27 23:41:11', '2019-11-27 23:41:11'),
(73, 60, 1, 'Tugas Sekolah/Kuliah', '2019-11-27 23:42:45', '2019-11-27 23:42:45'),
(74, 60, 2, 'Skripsi/Tesis/Disertasi', '2019-11-27 23:42:45', '2019-11-27 23:42:45'),
(75, 61, 1, 'Tugas Sekolah/Kuliah', '2019-11-27 23:45:55', '2019-11-27 23:45:55'),
(76, 61, 2, 'Skripsi/Tesis/Disertasi', '2019-11-27 23:45:55', '2019-11-27 23:45:55'),
(77, 62, 1, 'Tugas Sekolah/Kuliah', '2019-11-27 23:48:39', '2019-11-27 23:48:39'),
(78, 62, 2, 'Skripsi/Tesis/Disertasi', '2019-11-27 23:48:39', '2019-11-27 23:48:39'),
(79, 63, 1, 'Tugas Sekolah/Kuliah', '2019-11-27 23:53:02', '2019-11-27 23:53:02'),
(80, 63, 2, 'Skripsi/Tesis/Disertasi', '2019-11-27 23:53:02', '2019-11-27 23:53:02'),
(81, 64, 1, 'Tugas Sekolah/Kuliah', '2019-11-27 23:56:02', '2019-11-27 23:56:02'),
(82, 64, 2, 'Skripsi/Tesis/Disertasi', '2019-11-27 23:56:02', '2019-11-27 23:56:02'),
(83, 65, 1, 'Tugas Sekolah/Kuliah', '2019-11-27 23:58:29', '2019-11-27 23:58:29'),
(84, 65, 2, 'Skripsi/Tesis/Disertasi', '2019-11-27 23:58:29', '2019-11-27 23:58:29'),
(85, 66, 1, 'Tugas Sekolah/Kuliah', '2019-11-28 23:34:42', '2019-11-28 23:34:42'),
(86, 66, 2, 'Skripsi/Tesis/Disertasi', '2019-11-28 23:34:42', '2019-11-28 23:34:42'),
(87, 67, 1, 'Tugas Sekolah/Kuliah', '2019-11-28 23:38:56', '2019-11-28 23:38:56'),
(88, 67, 2, 'Skripsi/Tesis/Disertasi', '2019-11-28 23:38:56', '2019-11-28 23:38:56'),
(89, 68, 1, 'Tugas Sekolah/Kuliah', '2019-11-28 23:41:46', '2019-11-28 23:41:46'),
(90, 68, 2, 'Skripsi/Tesis/Disertasi', '2019-11-28 23:41:46', '2019-11-28 23:41:46'),
(91, 69, 1, 'Tugas Sekolah/Kuliah', '2019-11-28 23:44:23', '2019-11-28 23:44:23'),
(92, 69, 2, 'Skripsi/Tesis/Disertasi', '2019-11-28 23:44:23', '2019-11-28 23:44:23'),
(93, 70, 1, 'Tugas Sekolah/Kuliah', '2019-11-28 23:47:24', '2019-11-28 23:47:24'),
(94, 70, 2, 'Skripsi/Tesis/Disertasi', '2019-11-28 23:47:24', '2019-11-28 23:47:24'),
(95, 71, 1, 'Tugas Sekolah/Kuliah', '2019-11-28 23:50:32', '2019-11-28 23:50:32'),
(96, 71, 2, 'Skripsi/Tesis/Disertasi', '2019-11-28 23:50:32', '2019-11-28 23:50:32'),
(97, 72, 1, 'Tugas Sekolah/Kuliah', '2019-11-28 23:55:32', '2019-11-28 23:55:32'),
(98, 72, 2, 'Skripsi/Tesis/Disertasi', '2019-11-28 23:55:32', '2019-11-28 23:55:32'),
(99, 73, 1, 'Tugas Sekolah/Kuliah', '2019-11-28 23:57:57', '2019-11-28 23:57:57'),
(100, 73, 2, 'Skripsi/Tesis/Disertasi', '2019-11-28 23:57:57', '2019-11-28 23:57:57'),
(101, 74, 1, 'Tugas Sekolah/Kuliah', '2019-11-29 00:00:18', '2019-11-29 00:00:18'),
(102, 74, 2, 'Skripsi/Tesis/Disertasi', '2019-11-29 00:00:18', '2019-11-29 00:00:18'),
(103, 75, 1, 'Tugas Sekolah/Kuliah', '2019-11-29 00:02:33', '2019-11-29 00:02:33'),
(104, 75, 2, 'Skripsi/Tesis/Disertasi', '2019-11-29 00:02:33', '2019-11-29 00:02:33'),
(105, 76, 1, 'Tugas Sekolah/Kuliah', '2019-11-29 00:06:04', '2019-11-29 00:06:04'),
(106, 76, 2, 'Skripsi/Tesis/Disertasi', '2019-11-29 00:06:04', '2019-11-29 00:06:04'),
(107, 77, 1, 'Tugas Sekolah/Kuliah', '2019-11-29 00:10:03', '2019-11-29 00:10:03'),
(108, 77, 2, 'Skripsi/Tesis/Disertasi', '2019-11-29 00:10:03', '2019-11-29 00:10:03'),
(109, 78, 1, 'Tugas Sekolah/Kuliah', '2019-11-29 00:13:27', '2019-11-29 00:13:27'),
(110, 78, 2, 'Skripsi/Tesis/Disertasi', '2019-11-29 00:13:27', '2019-11-29 00:13:27'),
(111, 79, 1, 'Tugas Sekolah/Kuliah', '2019-11-29 00:31:20', '2019-11-29 00:31:20'),
(112, 79, 2, 'Skripsi/Tesis/Disertasi', '2019-11-29 00:31:20', '2019-11-29 00:31:20'),
(113, 80, 1, 'Tugas Sekolah/Kuliah', '2019-11-29 00:34:02', '2019-11-29 00:34:02'),
(114, 80, 2, 'Skripsi/Tesis/Disertasi', '2019-11-29 00:34:02', '2019-11-29 00:34:02'),
(115, 81, 1, 'Tugas Sekolah/Kuliah', '2019-11-29 00:36:41', '2019-11-29 00:36:41'),
(116, 81, 2, 'Skripsi/Tesis/Disertasi', '2019-11-29 00:36:41', '2019-11-29 00:36:41'),
(117, 82, 1, 'Tugas Sekolah/Kuliah', '2019-11-29 00:39:16', '2019-11-29 00:39:16'),
(118, 82, 2, 'Skripsi/Tesis/Disertasi', '2019-11-29 00:39:16', '2019-11-29 00:39:16'),
(119, 83, 1, 'Tugas Sekolah/Kuliah', '2019-11-29 00:41:46', '2019-11-29 00:41:46'),
(120, 83, 2, 'Skripsi/Tesis/Disertasi', '2019-11-29 00:41:46', '2019-11-29 00:41:46'),
(121, 84, 1, 'Tugas Sekolah/Kuliah', '2019-11-29 00:44:13', '2019-11-29 00:44:13'),
(122, 84, 2, 'Skripsi/Tesis/Disertasi', '2019-11-29 00:44:14', '2019-11-29 00:44:14'),
(123, 85, 1, 'Tugas Sekolah/Kuliah', '2019-11-29 00:46:39', '2019-11-29 00:46:39'),
(124, 85, 2, 'Skripsi/Tesis/Disertasi', '2019-11-29 00:46:39', '2019-11-29 00:46:39'),
(125, 86, 1, 'Tugas Sekolah/Kuliah', '2019-11-29 06:25:54', '2019-11-29 06:25:54'),
(126, 86, 2, 'Skripsi/Tesis/Disertasi', '2019-11-29 06:25:54', '2019-11-29 06:25:54'),
(127, 87, 1, 'Tugas Sekolah/Kuliah', '2019-11-29 06:29:19', '2019-11-29 06:29:19'),
(128, 87, 2, 'Skripsi/Tesis/Disertasi', '2019-11-29 06:29:19', '2019-11-29 06:29:19'),
(129, 88, 1, 'Tugas Sekolah/Kuliah', '2019-11-29 06:30:19', '2019-11-29 06:30:19'),
(130, 88, 2, 'Skripsi/Tesis/Disertasi', '2019-11-29 06:30:19', '2019-11-29 06:30:19'),
(131, 89, 1, 'Tugas Sekolah/Kuliah', '2019-11-29 06:33:01', '2019-11-29 06:33:01'),
(132, 89, 2, 'Skripsi/Tesis/Disertasi', '2019-11-29 06:33:01', '2019-11-29 06:33:01'),
(133, 90, 1, 'Tugas Sekolah/Kuliah', '2019-11-29 06:35:35', '2019-11-29 06:35:35'),
(134, 90, 2, 'Skripsi/Tesis/Disertasi', '2019-11-29 06:35:36', '2019-11-29 06:35:36'),
(135, 91, 1, 'Tugas Sekolah/Kuliah', '2019-11-29 06:39:03', '2019-11-29 06:39:03'),
(136, 91, 2, 'Skripsi/Tesis/Disertasi', '2019-11-29 06:39:03', '2019-11-29 06:39:03'),
(137, 92, 1, 'Tugas Sekolah/Kuliah', '2019-11-29 06:41:19', '2019-11-29 06:41:19'),
(138, 92, 2, 'Skripsi/Tesis/Disertasi', '2019-11-29 06:41:19', '2019-11-29 06:41:19'),
(139, 93, 1, 'Tugas Sekolah/Kuliah', '2019-11-29 06:44:06', '2019-11-29 06:44:06'),
(140, 93, 2, 'Skripsi/Tesis/Disertasi', '2019-11-29 06:44:06', '2019-11-29 06:44:06'),
(141, 94, 1, 'Tugas Sekolah/Kuliah', '2019-11-29 06:47:02', '2019-11-29 06:47:02'),
(142, 94, 2, 'Skripsi/Tesis/Disertasi', '2019-11-29 06:47:02', '2019-11-29 06:47:02'),
(143, 95, 1, 'Tugas Sekolah/Kuliah', '2019-11-29 06:50:07', '2019-11-29 06:50:07'),
(144, 95, 2, 'Skripsi/Tesis/Disertasi', '2019-11-29 06:50:07', '2019-11-29 06:50:07'),
(145, 96, 1, 'Tugas Sekolah/Kuliah', '2019-11-29 06:52:51', '2019-11-29 06:52:51'),
(146, 96, 2, 'Skripsi/Tesis/Disertasi', '2019-11-29 06:52:51', '2019-11-29 06:52:51'),
(147, 97, 1, 'Tugas Sekolah/Kuliah', '2019-11-29 06:55:20', '2019-11-29 06:55:20'),
(148, 97, 2, 'Skripsi/Tesis/Disertasi', '2019-11-29 06:55:20', '2019-11-29 06:55:20'),
(149, 98, 1, 'Tugas Sekolah/Kuliah', '2019-11-29 06:56:51', '2019-11-29 06:56:51'),
(150, 98, 2, 'Skripsi/Tesis/Disertasi', '2019-11-29 06:56:51', '2019-11-29 06:56:51'),
(151, 99, 1, 'Tugas Sekolah/Kuliah', '2019-11-29 06:59:51', '2019-11-29 06:59:51'),
(152, 99, 2, 'Skripsi/Tesis/Disertasi', '2019-11-29 06:59:51', '2019-11-29 06:59:51'),
(153, 100, 1, 'Tugas Sekolah/Kuliah', '2019-11-29 07:02:06', '2019-11-29 07:02:06'),
(154, 100, 2, 'Skripsi/Tesis/Disertasi', '2019-11-29 07:02:06', '2019-11-29 07:02:06'),
(155, 101, 1, 'Tugas Sekolah/Kuliah', '2019-11-29 07:04:54', '2019-11-29 07:04:54'),
(156, 101, 2, 'Skripsi/Tesis/Disertasi', '2019-11-29 07:04:54', '2019-11-29 07:04:54'),
(157, 102, 1, 'Tugas Sekolah/Kuliah', '2019-12-01 23:31:09', '2019-12-01 23:31:09'),
(158, 102, 2, 'Skripsi/Tesis/Disertasi', '2019-12-01 23:31:09', '2019-12-01 23:31:09'),
(159, 103, 1, 'Tugas Sekolah/Kuliah', '2019-12-01 23:34:51', '2019-12-01 23:34:51'),
(160, 103, 2, 'Skripsi/Tesis/Disertasi', '2019-12-01 23:34:51', '2019-12-01 23:34:51'),
(161, 104, 1, 'Tugas Sekolah/Kuliah', '2019-12-01 23:43:11', '2019-12-01 23:43:11'),
(162, 104, 2, 'Skripsi/Tesis/Disertasi', '2019-12-01 23:43:11', '2019-12-01 23:43:11'),
(163, 105, 1, 'Tugas Sekolah/Kuliah', '2019-12-01 23:45:04', '2019-12-01 23:45:04'),
(164, 105, 2, 'Skripsi/Tesis/Disertasi', '2019-12-01 23:45:04', '2019-12-01 23:45:04'),
(165, 106, 1, 'Tugas Sekolah/Kuliah', '2019-12-01 23:48:55', '2019-12-01 23:48:55'),
(166, 106, 2, 'Skripsi/Tesis/Disertasi', '2019-12-01 23:48:55', '2019-12-01 23:48:55'),
(167, 107, 1, 'Tugas Sekolah/Kuliah', '2019-12-01 23:52:57', '2019-12-01 23:52:57'),
(168, 107, 2, 'Skripsi/Tesis/Disertasi', '2019-12-01 23:52:57', '2019-12-01 23:52:57'),
(169, 108, 1, 'Tugas Sekolah/Kuliah', '2019-12-01 23:56:51', '2019-12-01 23:56:51'),
(170, 108, 2, 'Skripsi/Tesis/Disertasi', '2019-12-01 23:56:51', '2019-12-01 23:56:51'),
(171, 109, 1, 'Tugas Sekolah/Kuliah', '2019-12-02 00:01:02', '2019-12-02 00:01:02'),
(172, 109, 2, 'Skripsi/Tesis/Disertasi', '2019-12-02 00:01:02', '2019-12-02 00:01:02'),
(173, 110, 1, 'Tugas Sekolah/Kuliah', '2019-12-02 00:03:39', '2019-12-02 00:03:39'),
(174, 110, 2, 'Skripsi/Tesis/Disertasi', '2019-12-02 00:03:39', '2019-12-02 00:03:39'),
(175, 111, 1, 'Tugas Sekolah/Kuliah', '2019-12-02 00:07:12', '2019-12-02 00:07:12'),
(176, 111, 2, 'Skripsi/Tesis/Disertasi', '2019-12-02 00:07:12', '2019-12-02 00:07:12'),
(177, 112, 1, 'Tugas Sekolah/Kuliah', '2019-12-02 00:09:49', '2019-12-02 00:09:49'),
(178, 112, 2, 'Skripsi/Tesis/Disertasi', '2019-12-02 00:09:49', '2019-12-02 00:09:49'),
(179, 113, 4, 'Penelitian', '2019-12-02 00:13:54', '2019-12-02 00:13:54'),
(180, 113, 8, 'Perencanaan', '2019-12-02 00:13:54', '2019-12-02 00:13:54'),
(181, 114, 1, 'Tugas Sekolah/Kuliah', '2019-12-02 00:18:05', '2019-12-02 00:18:05'),
(182, 114, 2, 'Skripsi/Tesis/Disertasi', '2019-12-02 00:18:05', '2019-12-02 00:18:05'),
(183, 115, 1, 'Tugas Sekolah/Kuliah', '2019-12-02 00:20:43', '2019-12-02 00:20:43'),
(184, 115, 2, 'Skripsi/Tesis/Disertasi', '2019-12-02 00:20:43', '2019-12-02 00:20:43'),
(185, 116, 4, 'Penelitian', '2019-12-02 00:24:39', '2019-12-02 00:24:39'),
(186, 116, 8, 'Perencanaan', '2019-12-02 00:24:39', '2019-12-02 00:24:39'),
(187, 117, 1, 'Tugas Sekolah/Kuliah', '2019-12-02 00:27:35', '2019-12-02 00:27:35'),
(188, 117, 2, 'Skripsi/Tesis/Disertasi', '2019-12-02 00:27:35', '2019-12-02 00:27:35'),
(189, 118, 1, 'Tugas Sekolah/Kuliah', '2019-12-02 00:30:36', '2019-12-02 00:30:36'),
(190, 118, 2, 'Skripsi/Tesis/Disertasi', '2019-12-02 00:30:36', '2019-12-02 00:30:36'),
(191, 119, 1, 'Tugas Sekolah/Kuliah', '2019-12-02 00:35:51', '2019-12-02 00:35:51'),
(192, 119, 2, 'Skripsi/Tesis/Disertasi', '2019-12-02 00:35:51', '2019-12-02 00:35:51'),
(193, 120, 1, 'Tugas Sekolah/Kuliah', '2019-12-02 00:38:24', '2019-12-02 00:38:24'),
(194, 120, 2, 'Skripsi/Tesis/Disertasi', '2019-12-02 00:38:24', '2019-12-02 00:38:24'),
(195, 121, 1, 'Tugas Sekolah/Kuliah', '2019-12-02 00:41:13', '2019-12-02 00:41:13'),
(196, 121, 2, 'Skripsi/Tesis/Disertasi', '2019-12-02 00:41:14', '2019-12-02 00:41:14'),
(197, 123, 1, 'Tugas Sekolah/Kuliah', '2019-12-02 23:20:51', '2019-12-02 23:20:51'),
(198, 123, 2, 'Skripsi/Tesis/Disertasi', '2019-12-02 23:20:51', '2019-12-02 23:20:51'),
(199, 124, 1, 'Tugas Sekolah/Kuliah', '2019-12-02 23:24:55', '2019-12-02 23:24:55'),
(200, 124, 2, 'Skripsi/Tesis/Disertasi', '2019-12-02 23:24:55', '2019-12-02 23:24:55'),
(201, 125, 1, 'Tugas Sekolah/Kuliah', '2019-12-02 23:28:31', '2019-12-02 23:28:31'),
(202, 125, 2, 'Skripsi/Tesis/Disertasi', '2019-12-02 23:28:32', '2019-12-02 23:28:32'),
(203, 126, 1, 'Tugas Sekolah/Kuliah', '2019-12-02 23:31:26', '2019-12-02 23:31:26'),
(204, 126, 2, 'Skripsi/Tesis/Disertasi', '2019-12-02 23:31:26', '2019-12-02 23:31:26'),
(205, 127, 1, 'Tugas Sekolah/Kuliah', '2019-12-02 23:34:29', '2019-12-02 23:34:29'),
(206, 127, 2, 'Skripsi/Tesis/Disertasi', '2019-12-02 23:34:29', '2019-12-02 23:34:29'),
(207, 128, 1, 'Tugas Sekolah/Kuliah', '2019-12-02 23:37:28', '2019-12-02 23:37:28'),
(208, 128, 2, 'Skripsi/Tesis/Disertasi', '2019-12-02 23:37:28', '2019-12-02 23:37:28'),
(209, 129, 1, 'Tugas Sekolah/Kuliah', '2019-12-02 23:40:28', '2019-12-02 23:40:28'),
(210, 129, 2, 'Skripsi/Tesis/Disertasi', '2019-12-02 23:40:28', '2019-12-02 23:40:28'),
(211, 130, 1, 'Tugas Sekolah/Kuliah', '2019-12-02 23:44:01', '2019-12-02 23:44:01'),
(212, 130, 2, 'Skripsi/Tesis/Disertasi', '2019-12-02 23:44:01', '2019-12-02 23:44:01'),
(213, 131, 1, 'Tugas Sekolah/Kuliah', '2019-12-02 23:47:19', '2019-12-02 23:47:19'),
(214, 131, 2, 'Skripsi/Tesis/Disertasi', '2019-12-02 23:47:19', '2019-12-02 23:47:19'),
(215, 132, 1, 'Tugas Sekolah/Kuliah', '2019-12-03 23:56:22', '2019-12-03 23:56:22'),
(216, 132, 2, 'Skripsi/Tesis/Disertasi', '2019-12-03 23:56:22', '2019-12-03 23:56:22'),
(217, 133, 1, 'Tugas Sekolah/Kuliah', '2019-12-03 23:59:54', '2019-12-03 23:59:54'),
(218, 133, 2, 'Skripsi/Tesis/Disertasi', '2019-12-03 23:59:54', '2019-12-03 23:59:54'),
(219, 134, 1, 'Tugas Sekolah/Kuliah', '2019-12-04 00:04:33', '2019-12-04 00:04:33'),
(220, 134, 2, 'Skripsi/Tesis/Disertasi', '2019-12-04 00:04:33', '2019-12-04 00:04:33'),
(221, 135, 1, 'Tugas Sekolah/Kuliah', '2019-12-04 00:09:05', '2019-12-04 00:09:05'),
(222, 135, 2, 'Skripsi/Tesis/Disertasi', '2019-12-04 00:09:05', '2019-12-04 00:09:05'),
(223, 136, 1, 'Tugas Sekolah/Kuliah', '2019-12-04 00:14:19', '2019-12-04 00:14:19'),
(224, 136, 2, 'Skripsi/Tesis/Disertasi', '2019-12-04 00:14:19', '2019-12-04 00:14:19'),
(225, 137, 1, 'Tugas Sekolah/Kuliah', '2019-12-04 00:16:14', '2019-12-04 00:16:14'),
(226, 137, 2, 'Skripsi/Tesis/Disertasi', '2019-12-04 00:16:14', '2019-12-04 00:16:14'),
(227, 138, 1, 'Tugas Sekolah/Kuliah', '2019-12-04 00:20:29', '2019-12-04 00:20:29'),
(228, 138, 2, 'Skripsi/Tesis/Disertasi', '2019-12-04 00:20:29', '2019-12-04 00:20:29'),
(229, 139, 1, 'Tugas Sekolah/Kuliah', '2019-12-04 04:08:40', '2019-12-04 04:08:40'),
(230, 139, 2, 'Skripsi/Tesis/Disertasi', '2019-12-04 04:08:40', '2019-12-04 04:08:40'),
(231, 140, 1, 'Tugas Sekolah/Kuliah', '2019-12-04 23:32:40', '2019-12-04 23:32:40'),
(232, 140, 2, 'Skripsi/Tesis/Disertasi', '2019-12-04 23:32:40', '2019-12-04 23:32:40'),
(233, 141, 1, 'Tugas Sekolah/Kuliah', '2019-12-04 23:38:34', '2019-12-04 23:38:34'),
(234, 141, 2, 'Skripsi/Tesis/Disertasi', '2019-12-04 23:38:34', '2019-12-04 23:38:34'),
(235, 142, 1, 'Tugas Sekolah/Kuliah', '2019-12-04 23:41:15', '2019-12-04 23:41:15'),
(236, 142, 2, 'Skripsi/Tesis/Disertasi', '2019-12-04 23:41:15', '2019-12-04 23:41:15'),
(237, 143, 1, 'Tugas Sekolah/Kuliah', '2019-12-04 23:54:55', '2019-12-04 23:54:55'),
(238, 143, 2, 'Skripsi/Tesis/Disertasi', '2019-12-04 23:54:55', '2019-12-04 23:54:55'),
(239, 144, 1, 'Tugas Sekolah/Kuliah', '2019-12-04 23:58:34', '2019-12-04 23:58:34'),
(240, 144, 2, 'Skripsi/Tesis/Disertasi', '2019-12-04 23:58:34', '2019-12-04 23:58:34'),
(241, 145, 1, 'Tugas Sekolah/Kuliah', '2019-12-05 00:01:32', '2019-12-05 00:01:32'),
(242, 145, 2, 'Skripsi/Tesis/Disertasi', '2019-12-05 00:01:32', '2019-12-05 00:01:32'),
(243, 146, 1, 'Tugas Sekolah/Kuliah', '2019-12-05 00:04:53', '2019-12-05 00:04:53'),
(244, 146, 2, 'Skripsi/Tesis/Disertasi', '2019-12-05 00:04:53', '2019-12-05 00:04:53'),
(245, 147, 1, 'Tugas Sekolah/Kuliah', '2019-12-05 00:08:10', '2019-12-05 00:08:10'),
(246, 147, 2, 'Skripsi/Tesis/Disertasi', '2019-12-05 00:08:10', '2019-12-05 00:08:10'),
(247, 148, 1, 'Tugas Sekolah/Kuliah', '2019-12-05 00:09:15', '2019-12-05 00:09:15'),
(248, 148, 2, 'Skripsi/Tesis/Disertasi', '2019-12-05 00:09:15', '2019-12-05 00:09:15'),
(249, 149, 1, 'Tugas Sekolah/Kuliah', '2019-12-08 23:46:47', '2019-12-08 23:46:47'),
(250, 149, 2, 'Skripsi/Tesis/Disertasi', '2019-12-08 23:46:47', '2019-12-08 23:46:47'),
(251, 150, 1, 'Tugas Sekolah/Kuliah', '2019-12-08 23:49:25', '2019-12-08 23:49:25'),
(252, 150, 2, 'Skripsi/Tesis/Disertasi', '2019-12-08 23:49:25', '2019-12-08 23:49:25'),
(253, 151, 1, 'Tugas Sekolah/Kuliah', '2019-12-08 23:51:59', '2019-12-08 23:51:59'),
(254, 151, 2, 'Skripsi/Tesis/Disertasi', '2019-12-08 23:51:59', '2019-12-08 23:51:59'),
(255, 152, 1, 'Tugas Sekolah/Kuliah', '2019-12-08 23:57:26', '2019-12-08 23:57:26'),
(256, 152, 2, 'Skripsi/Tesis/Disertasi', '2019-12-08 23:57:26', '2019-12-08 23:57:26'),
(257, 153, 1, 'Tugas Sekolah/Kuliah', '2019-12-09 00:03:07', '2019-12-09 00:03:07'),
(258, 153, 2, 'Skripsi/Tesis/Disertasi', '2019-12-09 00:03:07', '2019-12-09 00:03:07'),
(259, 154, 1, 'Tugas Sekolah/Kuliah', '2019-12-09 00:08:15', '2019-12-09 00:08:15'),
(260, 154, 2, 'Skripsi/Tesis/Disertasi', '2019-12-09 00:08:15', '2019-12-09 00:08:15'),
(261, 155, 1, 'Tugas Sekolah/Kuliah', '2019-12-10 23:35:58', '2019-12-10 23:35:58'),
(262, 155, 2, 'Skripsi/Tesis/Disertasi', '2019-12-10 23:35:58', '2019-12-10 23:35:58'),
(263, 156, 1, 'Tugas Sekolah/Kuliah', '2019-12-10 23:38:25', '2019-12-10 23:38:25'),
(264, 156, 2, 'Skripsi/Tesis/Disertasi', '2019-12-10 23:38:25', '2019-12-10 23:38:25'),
(265, 157, 1, 'Tugas Sekolah/Kuliah', '2019-12-10 23:41:14', '2019-12-10 23:41:14'),
(266, 157, 2, 'Skripsi/Tesis/Disertasi', '2019-12-10 23:41:14', '2019-12-10 23:41:14'),
(267, 158, 1, 'Tugas Sekolah/Kuliah', '2019-12-10 23:44:30', '2019-12-10 23:44:30'),
(268, 158, 2, 'Skripsi/Tesis/Disertasi', '2019-12-10 23:44:30', '2019-12-10 23:44:30'),
(269, 159, 1, 'Tugas Sekolah/Kuliah', '2019-12-10 23:47:31', '2019-12-10 23:47:31'),
(270, 159, 2, 'Skripsi/Tesis/Disertasi', '2019-12-10 23:47:31', '2019-12-10 23:47:31'),
(271, 160, 1, 'Tugas Sekolah/Kuliah', '2019-12-10 23:49:44', '2019-12-10 23:49:44'),
(272, 160, 2, 'Skripsi/Tesis/Disertasi', '2019-12-10 23:49:44', '2019-12-10 23:49:44'),
(273, 161, 1, 'Tugas Sekolah/Kuliah', '2019-12-10 23:52:31', '2019-12-10 23:52:31'),
(274, 161, 2, 'Skripsi/Tesis/Disertasi', '2019-12-10 23:52:32', '2019-12-10 23:52:32'),
(275, 162, 1, 'Tugas Sekolah/Kuliah', '2019-12-10 23:55:51', '2019-12-10 23:55:51'),
(276, 162, 2, 'Skripsi/Tesis/Disertasi', '2019-12-10 23:55:51', '2019-12-10 23:55:51'),
(277, 163, 1, 'Tugas Sekolah/Kuliah', '2019-12-10 23:58:35', '2019-12-10 23:58:35'),
(278, 163, 2, 'Skripsi/Tesis/Disertasi', '2019-12-10 23:58:35', '2019-12-10 23:58:35'),
(279, 164, 1, 'Tugas Sekolah/Kuliah', '2019-12-11 00:17:34', '2019-12-11 00:17:34'),
(280, 164, 2, 'Skripsi/Tesis/Disertasi', '2019-12-11 00:17:34', '2019-12-11 00:17:34'),
(281, 165, 1, 'Tugas Sekolah/Kuliah', '2019-12-11 23:29:06', '2019-12-11 23:29:06'),
(282, 165, 2, 'Skripsi/Tesis/Disertasi', '2019-12-11 23:29:06', '2019-12-11 23:29:06'),
(283, 166, 1, 'Tugas Sekolah/Kuliah', '2019-12-11 23:32:31', '2019-12-11 23:32:31'),
(284, 166, 2, 'Skripsi/Tesis/Disertasi', '2019-12-11 23:32:31', '2019-12-11 23:32:31'),
(285, 167, 1, 'Tugas Sekolah/Kuliah', '2019-12-11 23:35:22', '2019-12-11 23:35:22'),
(286, 167, 2, 'Skripsi/Tesis/Disertasi', '2019-12-11 23:35:22', '2019-12-11 23:35:22'),
(287, 168, 1, 'Tugas Sekolah/Kuliah', '2019-12-11 23:37:02', '2019-12-11 23:37:02'),
(288, 168, 2, 'Skripsi/Tesis/Disertasi', '2019-12-11 23:37:03', '2019-12-11 23:37:03'),
(289, 169, 1, 'Tugas Sekolah/Kuliah', '2019-12-11 23:38:17', '2019-12-11 23:38:17'),
(290, 169, 2, 'Skripsi/Tesis/Disertasi', '2019-12-11 23:38:17', '2019-12-11 23:38:17'),
(291, 170, 1, 'Tugas Sekolah/Kuliah', '2019-12-11 23:41:08', '2019-12-11 23:41:08'),
(292, 170, 2, 'Skripsi/Tesis/Disertasi', '2019-12-11 23:41:08', '2019-12-11 23:41:08'),
(293, 171, 1, 'Tugas Sekolah/Kuliah', '2019-12-11 23:45:26', '2019-12-11 23:45:26'),
(294, 171, 2, 'Skripsi/Tesis/Disertasi', '2019-12-11 23:45:26', '2019-12-11 23:45:26'),
(295, 172, 1, 'Tugas Sekolah/Kuliah', '2019-12-11 23:46:50', '2019-12-11 23:46:50'),
(296, 172, 2, 'Skripsi/Tesis/Disertasi', '2019-12-11 23:46:50', '2019-12-11 23:46:50'),
(297, 173, 1, 'Tugas Sekolah/Kuliah', '2019-12-11 23:49:25', '2019-12-11 23:49:25'),
(298, 173, 2, 'Skripsi/Tesis/Disertasi', '2019-12-11 23:49:25', '2019-12-11 23:49:25'),
(299, 174, 1, 'Tugas Sekolah/Kuliah', '2019-12-11 23:53:10', '2019-12-11 23:53:10'),
(300, 174, 2, 'Skripsi/Tesis/Disertasi', '2019-12-11 23:53:10', '2019-12-11 23:53:10'),
(301, 175, 1, 'Tugas Sekolah/Kuliah', '2019-12-11 23:56:15', '2019-12-11 23:56:15'),
(302, 175, 2, 'Skripsi/Tesis/Disertasi', '2019-12-11 23:56:15', '2019-12-11 23:56:15'),
(303, 176, 1, 'Tugas Sekolah/Kuliah', '2019-12-11 23:58:57', '2019-12-11 23:58:57'),
(304, 176, 2, 'Skripsi/Tesis/Disertasi', '2019-12-11 23:58:57', '2019-12-11 23:58:57'),
(305, 177, 1, 'Tugas Sekolah/Kuliah', '2019-12-12 00:00:46', '2019-12-12 00:00:46'),
(306, 177, 2, 'Skripsi/Tesis/Disertasi', '2019-12-12 00:00:46', '2019-12-12 00:00:46'),
(307, 178, 1, 'Tugas Sekolah/Kuliah', '2019-12-12 00:03:08', '2019-12-12 00:03:08'),
(308, 178, 2, 'Skripsi/Tesis/Disertasi', '2019-12-12 00:03:08', '2019-12-12 00:03:08'),
(309, 179, 1, 'Tugas Sekolah/Kuliah', '2019-12-12 23:35:17', '2019-12-12 23:35:17'),
(310, 179, 2, 'Skripsi/Tesis/Disertasi', '2019-12-12 23:35:17', '2019-12-12 23:35:17'),
(311, 180, 1, 'Tugas Sekolah/Kuliah', '2019-12-13 00:49:26', '2019-12-13 00:49:26'),
(312, 180, 2, 'Skripsi/Tesis/Disertasi', '2019-12-13 00:49:26', '2019-12-13 00:49:26'),
(313, 181, 1, 'Tugas Sekolah/Kuliah', '2019-12-13 00:51:36', '2019-12-13 00:51:36'),
(314, 181, 2, 'Skripsi/Tesis/Disertasi', '2019-12-13 00:51:36', '2019-12-13 00:51:36'),
(315, 182, 1, 'Tugas Sekolah/Kuliah', '2019-12-13 00:53:46', '2019-12-13 00:53:46'),
(316, 182, 2, 'Skripsi/Tesis/Disertasi', '2019-12-13 00:53:46', '2019-12-13 00:53:46'),
(317, 183, 1, 'Tugas Sekolah/Kuliah', '2019-12-13 00:56:20', '2019-12-13 00:56:20'),
(318, 183, 2, 'Skripsi/Tesis/Disertasi', '2019-12-13 00:56:20', '2019-12-13 00:56:20'),
(319, 184, 1, 'Tugas Sekolah/Kuliah', '2019-12-13 01:03:37', '2019-12-13 01:03:37'),
(320, 184, 2, 'Skripsi/Tesis/Disertasi', '2019-12-13 01:03:37', '2019-12-13 01:03:37'),
(321, 185, 1, 'Tugas Sekolah/Kuliah', '2019-12-13 01:09:18', '2019-12-13 01:09:18'),
(322, 185, 2, 'Skripsi/Tesis/Disertasi', '2019-12-13 01:09:18', '2019-12-13 01:09:18');

-- --------------------------------------------------------

--
-- Table structure for table `users`
--

CREATE TABLE `users` (
  `id` bigint(20) UNSIGNED NOT NULL,
  `name` varchar(191) COLLATE utf8mb4_unicode_ci NOT NULL,
  `email` varchar(191) COLLATE utf8mb4_unicode_ci NOT NULL,
  `email_verified_at` timestamp NULL DEFAULT NULL,
  `password` varchar(191) COLLATE utf8mb4_unicode_ci NOT NULL,
  `level` varchar(191) COLLATE utf8mb4_unicode_ci NOT NULL,
  `remember_token` varchar(100) COLLATE utf8mb4_unicode_ci DEFAULT NULL,
  `created_at` timestamp NULL DEFAULT NULL,
  `updated_at` timestamp NULL DEFAULT NULL
) ENGINE=InnoDB DEFAULT CHARSET=utf8mb4 COLLATE=utf8mb4_unicode_ci;

--
-- Dumping data for table `users`
--

INSERT INTO `users` (`id`, `name`, `email`, `email_verified_at`, `password`, `level`, `remember_token`, `created_at`, `updated_at`) VALUES
(1, 'admin', 'admin@bpsntb.id', NULL, '$2y$10$pv7vhtEbkFjR2Fu8WjmF5Oqf5i60LZx/YLkYqqLq8XY2zYy7gRATa', '20', NULL, NULL, NULL);

--
-- Indexes for dumped tables
--

--
-- Indexes for table `failed_jobs`
--
ALTER TABLE `failed_jobs`
  ADD PRIMARY KEY (`id`);

--
-- Indexes for table `kunjungan`
--
ALTER TABLE `kunjungan`
  ADD PRIMARY KEY (`id`);

--
-- Indexes for table `midentitas`
--
ALTER TABLE `midentitas`
  ADD PRIMARY KEY (`id`);

--
-- Indexes for table `migrations`
--
ALTER TABLE `migrations`
  ADD PRIMARY KEY (`id`);

--
-- Indexes for table `mjk`
--
ALTER TABLE `mjk`
  ADD PRIMARY KEY (`id`);

--
-- Indexes for table `mkat_pekerjaan`
--
ALTER TABLE `mkat_pekerjaan`
  ADD PRIMARY KEY (`id`);

--
-- Indexes for table `mkunjungan`
--
ALTER TABLE `mkunjungan`
  ADD PRIMARY KEY (`id`);

--
-- Indexes for table `mlayanan`
--
ALTER TABLE `mlayanan`
  ADD PRIMARY KEY (`id`);

--
-- Indexes for table `mpekerjaan`
--
ALTER TABLE `mpekerjaan`
  ADD PRIMARY KEY (`id`);

--
-- Indexes for table `mpendidikan`
--
ALTER TABLE `mpendidikan`
  ADD PRIMARY KEY (`id`);

--
-- Indexes for table `mtamu`
--
ALTER TABLE `mtamu`
  ADD PRIMARY KEY (`id`);

--
-- Indexes for table `mwarga`
--
ALTER TABLE `mwarga`
  ADD PRIMARY KEY (`id`);

--
-- Indexes for table `password_resets`
--
ALTER TABLE `password_resets`
  ADD KEY `password_resets_email_index` (`email`);

--
-- Indexes for table `pst_layanan`
--
ALTER TABLE `pst_layanan`
  ADD PRIMARY KEY (`id`);

--
-- Indexes for table `pst_manfaat`
--
ALTER TABLE `pst_manfaat`
  ADD PRIMARY KEY (`id`);

--
-- Indexes for table `users`
--
ALTER TABLE `users`
  ADD PRIMARY KEY (`id`),
  ADD UNIQUE KEY `users_email_unique` (`email`);

--
-- AUTO_INCREMENT for dumped tables
--

--
-- AUTO_INCREMENT for table `failed_jobs`
--
ALTER TABLE `failed_jobs`
  MODIFY `id` bigint(20) UNSIGNED NOT NULL AUTO_INCREMENT;
--
-- AUTO_INCREMENT for table `kunjungan`
--
ALTER TABLE `kunjungan`
  MODIFY `id` bigint(20) UNSIGNED NOT NULL AUTO_INCREMENT, AUTO_INCREMENT=186;
--
-- AUTO_INCREMENT for table `midentitas`
--
ALTER TABLE `midentitas`
  MODIFY `id` smallint(5) UNSIGNED NOT NULL AUTO_INCREMENT, AUTO_INCREMENT=100;
--
-- AUTO_INCREMENT for table `migrations`
--
ALTER TABLE `migrations`
  MODIFY `id` int(10) UNSIGNED NOT NULL AUTO_INCREMENT, AUTO_INCREMENT=16;
--
-- AUTO_INCREMENT for table `mjk`
--
ALTER TABLE `mjk`
  MODIFY `id` smallint(5) UNSIGNED NOT NULL AUTO_INCREMENT, AUTO_INCREMENT=3;
--
-- AUTO_INCREMENT for table `mkat_pekerjaan`
--
ALTER TABLE `mkat_pekerjaan`
  MODIFY `id` smallint(5) UNSIGNED NOT NULL AUTO_INCREMENT, AUTO_INCREMENT=100;
--
-- AUTO_INCREMENT for table `mkunjungan`
--
ALTER TABLE `mkunjungan`
  MODIFY `id` smallint(5) UNSIGNED NOT NULL AUTO_INCREMENT, AUTO_INCREMENT=33;
--
-- AUTO_INCREMENT for table `mlayanan`
--
ALTER TABLE `mlayanan`
  MODIFY `id` smallint(5) UNSIGNED NOT NULL AUTO_INCREMENT, AUTO_INCREMENT=33;
--
-- AUTO_INCREMENT for table `mpekerjaan`
--
ALTER TABLE `mpekerjaan`
  MODIFY `id` smallint(5) UNSIGNED NOT NULL AUTO_INCREMENT, AUTO_INCREMENT=100;
--
-- AUTO_INCREMENT for table `mpendidikan`
--
ALTER TABLE `mpendidikan`
  MODIFY `id` smallint(5) UNSIGNED NOT NULL AUTO_INCREMENT, AUTO_INCREMENT=5;
--
-- AUTO_INCREMENT for table `mtamu`
--
ALTER TABLE `mtamu`
  MODIFY `id` bigint(20) UNSIGNED NOT NULL AUTO_INCREMENT, AUTO_INCREMENT=166;
--
-- AUTO_INCREMENT for table `mwarga`
--
ALTER TABLE `mwarga`
  MODIFY `id` smallint(5) UNSIGNED NOT NULL AUTO_INCREMENT, AUTO_INCREMENT=9;
--
-- AUTO_INCREMENT for table `pst_layanan`
--
ALTER TABLE `pst_layanan`
  MODIFY `id` bigint(20) UNSIGNED NOT NULL AUTO_INCREMENT, AUTO_INCREMENT=369;
--
-- AUTO_INCREMENT for table `pst_manfaat`
--
ALTER TABLE `pst_manfaat`
  MODIFY `id` bigint(20) UNSIGNED NOT NULL AUTO_INCREMENT, AUTO_INCREMENT=323;
--
-- AUTO_INCREMENT for table `users`
--
ALTER TABLE `users`
  MODIFY `id` bigint(20) UNSIGNED NOT NULL AUTO_INCREMENT, AUTO_INCREMENT=2;
/*!40101 SET CHARACTER_SET_CLIENT=@OLD_CHARACTER_SET_CLIENT */;
/*!40101 SET CHARACTER_SET_RESULTS=@OLD_CHARACTER_SET_RESULTS */;
/*!40101 SET COLLATION_CONNECTION=@OLD_COLLATION_CONNECTION */;
